{"autoplayTransitionDelay":5,"author":"","timestamp":"2019-4-14 9:5:6","loopSlideshow":0,"filename":"11-Introduccion a los Streams","autoplayBuildDelay":2,"comment":"","title":"11-Introduccion a los Streams","showMode":0,"creator":"Apple Keynote 9.0.1","slideList":["191D350A-ACDB-4F66-9AB0-A44B39CCBA82","95FEDCB4-427F-4C1C-9F00-53EBF3B2664E","C2FAE14B-F1C1-4B4F-834B-504BE059C2E8","8C8ADD41-F253-427D-A7A6-6C3B6DD55223","B6ECEA75-5EB5-4F76-877C-78878F970874","582D3183-497B-4FAA-A4C0-2DF9039D1FBF"],"soundtrack":{"mode":0,"volume":1},"slideWidth":1900,"slideHeight":1180,"slideCount":6,"majorVersion":1,"minorVersion":2,"fonts":["Roboto-Regular","Helvetica-Light","HelveticaNeue-Light","HelveticaNeue","HelveticaNeue-Italic","HelveticaNeue-Bold","Helvetica","GillSans","FontAwesome5ProLight","HelveticaNeue-Medium","HelveticaNeue-MediumItalic"]}