{"autoplayTransitionDelay":5,"author":"","timestamp":"2019-3-14 9:5:9","loopSlideshow":0,"filename":"12-Introduccion al patron Bloc y y al manejo de estado de la aplicación","autoplayBuildDelay":2,"comment":"","title":"12-Introduccion al patron Bloc y y al manejo de estado de la aplicación","showMode":0,"creator":"Apple Keynote 9.0.1","slideList":["191D350A-ACDB-4F66-9AB0-A44B39CCBA82","9A4AE126-4001-4CE6-A539-F873C8BF807E","336FB78E-00A5-49AD-A809-F5CEA8CEFE76","E7CF2CCA-7534-416F-A3E5-45E538220E51","D23B71DF-640E-4DB9-9CF5-584088C47A09","473193B8-E0A6-4142-894A-1A393C858DE1","2EA4FFA8-A16C-48EB-AEC5-651C45BE9C44","FA35E417-C7E1-4C39-8979-10C542D39D08","CF8BC4BE-061A-46DA-AC8B-E48E287858FC","389F7D0A-682E-411E-9B8C-07EBB7959F10","3208F71D-E57E-4012-8635-11A50622EA6D","D15D5259-AF6E-462A-8B2E-02697415B505","51FF9EA1-7321-41A8-9AB2-1801DA6C7998","10FB02B7-4779-4C67-8120-FC03B1BC978A","8F043DC3-1F21-41C0-B979-260DFBEA0865","9281D4DA-D292-41A7-9BAA-A575E2959BBB"],"soundtrack":{"mode":0,"volume":1},"slideWidth":1900,"slideHeight":1180,"slideCount":16,"majorVersion":1,"minorVersion":2,"fonts":["Roboto-Regular","Helvetica-Light","HelveticaNeue-Light","HelveticaNeue-Bold","HelveticaNeue","HelveticaNeue-Italic","Helvetica","FontAwesome5ProLight","GillSans","HelveticaNeue-Medium","HelveticaNeue-MediumItalic"]}