{"assets":{"C6F60C6EE450A664265165B6DF3F597B":{"type":"texture","index":5,"assetRequest":{"type":"slide","state":"contents","slide":"none"},"url":{"native":"assets\/E7CF2CCA-7534-416F-A3E5-45E538220E51.pdf"},"width":147,"height":518},"7922D8ABEAAC28285B6EF2B52D265089":{"type":"texture","index":7,"assetRequest":{"type":"slide","state":"contents","slide":"none"},"url":{"native":"assets\/E7CF2CCA-7534-416F-A3E5-45E538220E51.pdf"},"width":113,"height":44},"C9B43AE9A93AB3A9E8AFC912C6C77A45":{"type":"texture","index":6,"assetRequest":{"type":"slide","state":"contents","slide":"none"},"url":{"native":"assets\/E7CF2CCA-7534-416F-A3E5-45E538220E51.pdf"},"width":219,"height":242},"7FEAB8FB08776082195B6016B68FA712":{"type":"texture","index":1,"assetRequest":{"type":"slide","state":"contents","slide":"none"},"url":{"native":"assets\/E7CF2CCA-7534-416F-A3E5-45E538220E51.pdf"},"width":733,"height":692},"11679D73C6B50DFF1CF6C1196ED48EA8":{"type":"texture","index":4,"assetRequest":{"type":"slide","state":"contents","slide":"none"},"url":{"native":"assets\/E7CF2CCA-7534-416F-A3E5-45E538220E51.pdf"},"width":242,"height":515},"A1CA3FEE78A44C5AAEAD2C4774819651":{"type":"texture","index":8,"assetRequest":{"type":"slide","state":"contents","slide":"none"},"url":{"native":"assets\/E7CF2CCA-7534-416F-A3E5-45E538220E51.pdf"},"width":733,"height":692},"F98697E90F0E7F132168DD9768F98E4C":{"type":"texture","index":0,"assetRequest":{"type":"slide","state":"contents","slide":"none"},"url":{"native":"assets\/E7CF2CCA-7534-416F-A3E5-45E538220E51.pdf"},"width":1900,"height":1180},"908AE8F7A88DBC5765A87F9CC245305F":{"type":"texture","index":9,"assetRequest":{"type":"slide","state":"contents","slide":"none"},"url":{"native":"assets\/E7CF2CCA-7534-416F-A3E5-45E538220E51.pdf"},"width":115,"height":115},"3874729FE18DBE5E9C341F67DF2730B1":{"type":"texture","index":3,"assetRequest":{"type":"slide","state":"contents","slide":"none"},"url":{"native":"assets\/E7CF2CCA-7534-416F-A3E5-45E538220E51.pdf"},"width":115,"height":115},"303782521035EC56592A28AF1CDD8634":{"type":"texture","index":10,"assetRequest":{"type":"slide","state":"contents","slide":"none"},"url":{"native":"assets\/E7CF2CCA-7534-416F-A3E5-45E538220E51.pdf"},"width":115,"height":115},"6763EFF4A3B07C7253E2CDB2B13DC697":{"type":"texture","index":2,"assetRequest":{"type":"slide","state":"contents","slide":"none"},"url":{"native":"assets\/E7CF2CCA-7534-416F-A3E5-45E538220E51.pdf"},"width":115,"height":115}},"events":[{"effects":[{"beginTime":0,"baseLayer":{"animations":[],"initialState":{"affineTransform":[1,0,0,1,0,0],"masksToBounds":false,"rotation":0,"scale":1,"position":{"pointX":596.824951171875,"pointY":864.4647216796875},"width":115,"sublayerTransform":[1,0,0,0,0,1,0,0,0,0,1,0,0,0,0,1],"contentsRect":{"y":0,"x":0,"width":1,"height":1},"opacity":1,"edgeAntialiasingMask":251658240,"height":115,"hidden":false,"anchorPoint":{"pointX":0.5,"pointY":0.5}},"objectID":"A5F82D26-F626-41EC-8BE3-B383DE381C5C","layers":[{"animations":[],"initialState":{"affineTransform":[1,0,0,1,0,0],"masksToBounds":false,"rotation":0,"scale":1,"position":{"pointX":410.675048828125,"pointY":-216.9647216796875},"width":115,"sublayerTransform":[1,0,0,0,0,1,0,0,0,0,1,-0.00032041140223828868,0,0,0,1],"contentsRect":{"y":0,"x":0,"width":1,"height":1},"opacity":1,"edgeAntialiasingMask":251658240,"height":115,"hidden":false,"anchorPoint":{"pointX":3.5710873811141304,"pointY":-1.8866497537364131}},"layers":[{"animations":[{"timeOffset":0,"beginTime":1e-100,"repeatCount":0,"animations":[{"timeOffset":0,"from":{"scalar":0},"beginTime":0,"repeatCount":0,"fillMode":"both","duration":0.75,"autoreverses":false,"timingFunction":"EaseInEaseOut","property":"opacity","to":{"scalar":1}},{"timeOffset":0,"timingFunctions":[{"timingFunction":"EaseIn"},{"timingFunction":"custom","timingControlPoint1y":0,"timingControlPoint2x":0.57624423503875732,"timingControlPoint1x":0,"timingControlPoint2y":1},{"timingFunction":"custom","timingControlPoint1y":0.10000000149011612,"timingControlPoint2x":1,"timingControlPoint1x":0.25,"timingControlPoint2y":1}],"beginTime":0,"values":[{"scalar":0.001},{"scalar":1.125},{"scalar":0.95199999999999996},{"scalar":0.99999999999999989}],"repeatCount":0,"fillMode":"removed","property":"transform.scale.xy","autoreverses":false,"duration":0.75,"keyTimes":[0,0.42999999999999999,0.66700000000000004,1]},{"timeOffset":0,"from":{"scalar":false},"beginTime":0.0001,"repeatCount":0,"fillMode":"forwards","property":"hidden","autoreverses":false,"duration":0.74990000000000001,"to":{"scalar":false}}],"fillMode":"both","autoreverses":false,"duration":0.75}],"layers":[],"texturedRectangle":{"singleTextureOpacity":1,"textXHeight":0,"shapePath":{"lineWidth":1,"flatness":0.59999999999999998,"lineCapStyle":0,"elements":[{"type":"MoveToPoint","points":[[92.680290222167969,22.609382629394531]]},{"type":"AddCurve","points":[[112.20650482177734,42.135597229003906],[112.20650482177734,73.793846130371094],[92.680290222167969,93.320060729980469]]},{"type":"AddCurve","points":[[73.154075622558594,112.84627532958984],[41.495826721191406,112.84627532958984],[21.969612121582031,93.320060729980469]]},{"type":"AddCurve","points":[[2.4433975219726562,73.793846130371094],[2.4433975219726562,42.135597229003906],[21.969612121582031,22.609382629394531]]},{"type":"AddCurve","points":[[41.495826721191406,3.0831680297851562],[73.154075622558594,3.0831680297851562],[92.680290222167969,22.609382629394531]]},{"type":"CloseSubpath"},{"type":"MoveToPoint","points":[[92.680290222167969,22.609382629394531]]}],"windingRule":0,"lineJoinStyle":0,"miterLimit":10},"isBackgroundTexture":true,"textBaseline":0,"isVerticalText":false,"textureType":5},"initialState":{"affineTransform":[1,0,0,1,0,0],"masksToBounds":false,"rotation":0,"scale":1,"position":{"pointX":56.175048828125,"pointY":55.5352783203125},"width":115,"sublayerTransform":[1,0,0,0,0,1,0,0,0,0,1,0,0,0,0,1],"contentsRect":{"y":0,"x":0,"width":1,"height":1},"opacity":1,"edgeAntialiasingMask":0,"height":115,"hidden":true,"anchorPoint":{"pointX":0.5,"pointY":0.5}},"texture":"6763EFF4A3B07C7253E2CDB2B13DC697"}]}]},"effects":[],"duration":0.75,"type":"buildIn","name":"apple:bc-pop","objectID":"A5F82D26-F626-41EC-8BE3-B383DE381C5C"}],"automaticPlay":false,"hyperlinks":[],"accessibility":[],"baseLayer":{"animations":[],"initialState":{"affineTransform":[1,0,0,1,0,0],"masksToBounds":false,"rotation":0,"scale":1,"position":{"pointX":950,"pointY":590},"width":1900,"sublayerTransform":[1,0,0,0,0,1,0,0,0,0,1,0,0,0,0,1],"contentsRect":{"y":0,"x":0,"width":1,"height":1},"opacity":1,"edgeAntialiasingMask":251658240,"height":1180,"hidden":false,"anchorPoint":{"pointX":0.5,"pointY":0.5}},"layers":[{"animations":[],"initialState":{"affineTransform":[1,0,0,1,0,0],"masksToBounds":false,"rotation":0,"scale":1,"position":{"pointX":950,"pointY":590},"width":1900,"sublayerTransform":[1,0,0,0,0,1,0,0,0,0,1,0,0,0,0,1],"contentsRect":{"y":0,"x":0,"width":1,"height":1},"opacity":1,"edgeAntialiasingMask":251658240,"height":1180,"hidden":false,"anchorPoint":{"pointX":0.5,"pointY":0.5}},"layers":[{"animations":[],"initialState":{"affineTransform":[1,0,0,1,0,0],"masksToBounds":false,"rotation":0,"scale":1,"position":{"pointX":950,"pointY":590},"width":1900,"sublayerTransform":[1,0,0,0,0,1,0,0,0,0,1,0,0,0,0,1],"contentsRect":{"y":0,"x":0,"width":1,"height":1},"opacity":1,"edgeAntialiasingMask":251658240,"height":1180,"hidden":false,"anchorPoint":{"pointX":0.5,"pointY":0.5}},"layers":[{"animations":[],"layers":[],"texturedRectangle":{"isBackgroundTexture":true,"singleTextureOpacity":1,"textureType":1,"textBaseline":0,"textXHeight":0,"isVerticalText":false},"initialState":{"affineTransform":[1,0,0,1,0,0],"masksToBounds":false,"rotation":0,"scale":1,"position":{"pointX":950,"pointY":590},"width":1900,"sublayerTransform":[1,0,0,0,0,1,0,0,0,0,1,0,0,0,0,1],"contentsRect":{"y":0,"x":0,"width":1,"height":1},"opacity":1,"edgeAntialiasingMask":0,"height":1180,"hidden":false,"anchorPoint":{"pointX":0.5,"pointY":0.5}},"texture":"F98697E90F0E7F132168DD9768F98E4C"}]}]},{"animations":[],"initialState":{"affineTransform":[1,0,0,1,0,0],"masksToBounds":false,"rotation":0,"scale":1,"position":{"pointX":950,"pointY":590},"width":1900,"sublayerTransform":[1,0,0,0,0,1,0,0,0,0,1,0,0,0,0,1],"contentsRect":{"y":0,"x":0,"width":1,"height":1},"opacity":1,"edgeAntialiasingMask":251658240,"height":1180,"hidden":false,"anchorPoint":{"pointX":0.5,"pointY":0.5}},"layers":[{"animations":[],"initialState":{"affineTransform":[1,0,0,1,0,0],"masksToBounds":false,"rotation":0,"scale":1,"position":{"pointX":937.10479736328125,"pointY":556.0755615234375},"width":733,"sublayerTransform":[1,0,0,0,0,1,0,0,0,0,1,0,0,0,0,1],"contentsRect":{"y":0,"x":0,"width":1,"height":1},"opacity":1,"edgeAntialiasingMask":251658240,"height":692,"hidden":false,"anchorPoint":{"pointX":0.5,"pointY":0.5}},"layers":[{"animations":[],"layers":[],"texturedRectangle":{"isBackgroundTexture":true,"singleTextureOpacity":1,"textureType":5,"textBaseline":0,"textXHeight":0,"isVerticalText":false},"initialState":{"affineTransform":[1,0,0,1,0,0],"masksToBounds":false,"rotation":0,"scale":1,"position":{"pointX":359.89520263671875,"pointY":338.9244384765625},"width":733,"sublayerTransform":[1,0,0,0,0,1,0,0,0,0,1,0,0,0,0,1],"contentsRect":{"y":0,"x":0,"width":1,"height":1},"opacity":1,"edgeAntialiasingMask":0,"height":692,"hidden":false,"anchorPoint":{"pointX":0.5,"pointY":0.5}},"texture":"7FEAB8FB08776082195B6016B68FA712"}]}]},{"animations":[],"initialState":{"affineTransform":[1,0,0,1,0,0],"masksToBounds":false,"rotation":0,"scale":1,"position":{"pointX":950,"pointY":590},"width":1900,"sublayerTransform":[1,0,0,0,0,1,0,0,0,0,1,0,0,0,0,1],"contentsRect":{"y":0,"x":0,"width":1,"height":1},"opacity":1,"edgeAntialiasingMask":251658240,"height":1180,"hidden":false,"anchorPoint":{"pointX":0.5,"pointY":0.5}},"layers":[{"animations":[],"initialState":{"affineTransform":[1,0,0,1,0,0],"masksToBounds":false,"rotation":0,"scale":1,"position":{"pointX":596.824951171875,"pointY":864.4647216796875},"width":115,"sublayerTransform":[1,0,0,0,0,1,0,0,0,0,1,0,0,0,0,1],"contentsRect":{"y":0,"x":0,"width":1,"height":1},"opacity":1,"edgeAntialiasingMask":251658240,"height":115,"hidden":false,"anchorPoint":{"pointX":0.5,"pointY":0.5}},"objectID":"A5F82D26-F626-41EC-8BE3-B383DE381C5C","layers":[{"animations":[],"layers":[],"texturedRectangle":{"singleTextureOpacity":1,"textXHeight":0,"shapePath":{"lineWidth":1,"flatness":0.59999999999999998,"lineCapStyle":0,"elements":[{"type":"MoveToPoint","points":[[92.680290222167969,22.609382629394531]]},{"type":"AddCurve","points":[[112.20650482177734,42.135597229003906],[112.20650482177734,73.793846130371094],[92.680290222167969,93.320060729980469]]},{"type":"AddCurve","points":[[73.154075622558594,112.84627532958984],[41.495826721191406,112.84627532958984],[21.969612121582031,93.320060729980469]]},{"type":"AddCurve","points":[[2.4433975219726562,73.793846130371094],[2.4433975219726562,42.135597229003906],[21.969612121582031,22.609382629394531]]},{"type":"AddCurve","points":[[41.495826721191406,3.0831680297851562],[73.154075622558594,3.0831680297851562],[92.680290222167969,22.609382629394531]]},{"type":"CloseSubpath"},{"type":"MoveToPoint","points":[[92.680290222167969,22.609382629394531]]}],"windingRule":0,"lineJoinStyle":0,"miterLimit":10},"isBackgroundTexture":true,"textBaseline":0,"isVerticalText":false,"textureType":5},"initialState":{"affineTransform":[1,0,0,1,0,0],"masksToBounds":false,"rotation":0,"scale":1,"position":{"pointX":56.175048828125,"pointY":55.5352783203125},"width":115,"sublayerTransform":[1,0,0,0,0,1,0,0,0,0,1,0,0,0,0,1],"contentsRect":{"y":0,"x":0,"width":1,"height":1},"opacity":1,"edgeAntialiasingMask":0,"height":115,"hidden":true,"anchorPoint":{"pointX":0.5,"pointY":0.5}},"texture":"6763EFF4A3B07C7253E2CDB2B13DC697"}]}]},{"animations":[],"initialState":{"affineTransform":[1,0,0,1,0,0],"masksToBounds":false,"rotation":0,"scale":1,"position":{"pointX":950,"pointY":590},"width":1900,"sublayerTransform":[1,0,0,0,0,1,0,0,0,0,1,0,0,0,0,1],"contentsRect":{"y":0,"x":0,"width":1,"height":1},"opacity":1,"edgeAntialiasingMask":251658240,"height":1180,"hidden":false,"anchorPoint":{"pointX":0.5,"pointY":0.5}},"layers":[{"animations":[],"initialState":{"affineTransform":[1,0,0,1,0,0],"masksToBounds":false,"rotation":0,"scale":1,"position":{"pointX":1269.673828125,"pointY":864.4647216796875},"width":115,"sublayerTransform":[1,0,0,0,0,1,0,0,0,0,1,0,0,0,0,1],"contentsRect":{"y":0,"x":0,"width":1,"height":1},"opacity":1,"edgeAntialiasingMask":251658240,"height":115,"hidden":false,"anchorPoint":{"pointX":0.5,"pointY":0.5}},"objectID":"3A0728E9-21DB-4D24-B5FF-690D5427A7C2","layers":[{"animations":[],"layers":[],"texturedRectangle":{"singleTextureOpacity":1,"textXHeight":0,"shapePath":{"lineWidth":1,"flatness":0.59999999999999998,"lineCapStyle":0,"elements":[{"type":"MoveToPoint","points":[[92.529167175292969,22.609382629394531]]},{"type":"AddCurve","points":[[112.05538177490234,42.135597229003906],[112.05538177490234,73.793846130371094],[92.529167175292969,93.320060729980469]]},{"type":"AddCurve","points":[[73.002952575683594,112.84627532958984],[41.344703674316406,112.84627532958984],[21.818489074707031,93.320060729980469]]},{"type":"AddCurve","points":[[2.2922744750976562,73.793846130371094],[2.2922744750976562,42.135597229003906],[21.818489074707031,22.609382629394531]]},{"type":"AddCurve","points":[[41.344703674316406,3.0831680297851562],[73.002952575683594,3.0831680297851562],[92.529167175292969,22.609382629394531]]},{"type":"CloseSubpath"},{"type":"MoveToPoint","points":[[92.529167175292969,22.609382629394531]]}],"windingRule":0,"lineJoinStyle":0,"miterLimit":10},"isBackgroundTexture":true,"textBaseline":0,"isVerticalText":false,"textureType":5},"initialState":{"affineTransform":[1,0,0,1,0,0],"masksToBounds":false,"rotation":0,"scale":1,"position":{"pointX":56.326171875,"pointY":55.5352783203125},"width":115,"sublayerTransform":[1,0,0,0,0,1,0,0,0,0,1,0,0,0,0,1],"contentsRect":{"y":0,"x":0,"width":1,"height":1},"opacity":1,"edgeAntialiasingMask":0,"height":115,"hidden":true,"anchorPoint":{"pointX":0.5,"pointY":0.5}},"texture":"3874729FE18DBE5E9C341F67DF2730B1"}]}]},{"animations":[],"initialState":{"affineTransform":[1,0,0,1,0,0],"masksToBounds":false,"rotation":0,"scale":1,"position":{"pointX":950,"pointY":590},"width":1900,"sublayerTransform":[1,0,0,0,0,1,0,0,0,0,1,0,0,0,0,1],"contentsRect":{"y":0,"x":0,"width":1,"height":1},"opacity":1,"edgeAntialiasingMask":251658240,"height":1180,"hidden":false,"anchorPoint":{"pointX":0.5,"pointY":0.5}},"layers":[{"animations":[],"initialState":{"affineTransform":[1,0,0,1,0,0],"masksToBounds":false,"rotation":0,"scale":1,"position":{"pointX":835.29974365234375,"pointY":568.65032958984375},"width":242,"sublayerTransform":[1,0,0,0,0,1,0,0,0,0,1,0,0,0,0,1],"contentsRect":{"y":0,"x":0,"width":1,"height":1},"opacity":1,"edgeAntialiasingMask":251658240,"height":515,"hidden":false,"anchorPoint":{"pointX":0.5,"pointY":0.5}},"objectID":"5D29A977-8BD6-4EB5-AB9F-C960AF4F6EB1","layers":[{"animations":[],"layers":[],"texturedRectangle":{"isBackgroundTexture":true,"singleTextureOpacity":1,"textureType":5,"textBaseline":0,"textXHeight":0,"isVerticalText":false},"initialState":{"affineTransform":[1,0,0,1,0,0],"masksToBounds":false,"rotation":0,"scale":1,"position":{"pointX":100.70025634765625,"pointY":256.34967041015625},"width":242,"sublayerTransform":[1,0,0,0,0,1,0,0,0,0,1,0,0,0,0,1],"contentsRect":{"y":0,"x":0,"width":1,"height":1},"opacity":1,"edgeAntialiasingMask":0,"height":515,"hidden":true,"anchorPoint":{"pointX":0.5,"pointY":0.5}},"texture":"11679D73C6B50DFF1CF6C1196ED48EA8"}]}]},{"animations":[],"initialState":{"affineTransform":[1,0,0,1,0,0],"masksToBounds":false,"rotation":0,"scale":1,"position":{"pointX":950,"pointY":590},"width":1900,"sublayerTransform":[1,0,0,0,0,1,0,0,0,0,1,0,0,0,0,1],"contentsRect":{"y":0,"x":0,"width":1,"height":1},"opacity":1,"edgeAntialiasingMask":251658240,"height":1180,"hidden":false,"anchorPoint":{"pointX":0.5,"pointY":0.5}},"layers":[{"animations":[],"initialState":{"affineTransform":[1,0,0,1,0,0],"masksToBounds":false,"rotation":0,"scale":1,"position":{"pointX":1062.7367553710938,"pointY":570.15032958984375},"width":147,"sublayerTransform":[1,0,0,0,0,1,0,0,0,0,1,0,0,0,0,1],"contentsRect":{"y":0,"x":0,"width":1,"height":1},"opacity":1,"edgeAntialiasingMask":251658240,"height":518,"hidden":false,"anchorPoint":{"pointX":0.5,"pointY":0.5}},"objectID":"695F7D66-8DE4-4692-9F39-17AD2BE19E3E","layers":[{"animations":[],"layers":[],"texturedRectangle":{"isBackgroundTexture":true,"singleTextureOpacity":1,"textureType":5,"textBaseline":0,"textXHeight":0,"isVerticalText":false},"initialState":{"affineTransform":[1,0,0,1,0,0],"masksToBounds":false,"rotation":0,"scale":1,"position":{"pointX":53.26324462890625,"pointY":257.84967041015625},"width":147,"sublayerTransform":[1,0,0,0,0,1,0,0,0,0,1,0,0,0,0,1],"contentsRect":{"y":0,"x":0,"width":1,"height":1},"opacity":1,"edgeAntialiasingMask":0,"height":518,"hidden":true,"anchorPoint":{"pointX":0.5,"pointY":0.5}},"texture":"C6F60C6EE450A664265165B6DF3F597B"}]}]}]}},{"effects":[{"beginTime":0,"baseLayer":{"animations":[],"initialState":{"affineTransform":[1,0,0,1,0,0],"masksToBounds":false,"rotation":0,"scale":1,"position":{"pointX":1269.673828125,"pointY":864.4647216796875},"width":115,"sublayerTransform":[1,0,0,0,0,1,0,0,0,0,1,0,0,0,0,1],"contentsRect":{"y":0,"x":0,"width":1,"height":1},"opacity":1,"edgeAntialiasingMask":251658240,"height":115,"hidden":false,"anchorPoint":{"pointX":0.5,"pointY":0.5}},"objectID":"3A0728E9-21DB-4D24-B5FF-690D5427A7C2","layers":[{"animations":[],"initialState":{"affineTransform":[1,0,0,1,0,0],"masksToBounds":false,"rotation":0,"scale":1,"position":{"pointX":-262.173828125,"pointY":-216.9647216796875},"width":115,"sublayerTransform":[1,0,0,0,0,1,0,0,0,0,1,-0.00032041140223828868,0,0,0,1],"contentsRect":{"y":0,"x":0,"width":1,"height":1},"opacity":1,"edgeAntialiasingMask":251658240,"height":115,"hidden":false,"anchorPoint":{"pointX":-2.2797724184782608,"pointY":-1.8866497537364131}},"layers":[{"animations":[{"timeOffset":0,"beginTime":1e-100,"repeatCount":0,"animations":[{"timeOffset":0,"from":{"scalar":0},"beginTime":0,"repeatCount":0,"fillMode":"both","duration":0.75,"autoreverses":false,"timingFunction":"EaseInEaseOut","property":"opacity","to":{"scalar":1}},{"timeOffset":0,"timingFunctions":[{"timingFunction":"EaseIn"},{"timingFunction":"custom","timingControlPoint1y":0,"timingControlPoint2x":0.57624423503875732,"timingControlPoint1x":0,"timingControlPoint2y":1},{"timingFunction":"custom","timingControlPoint1y":0.10000000149011612,"timingControlPoint2x":1,"timingControlPoint1x":0.25,"timingControlPoint2y":1}],"beginTime":0,"values":[{"scalar":0.001},{"scalar":1.125},{"scalar":0.95199999999999996},{"scalar":0.99999999999999989}],"repeatCount":0,"fillMode":"removed","property":"transform.scale.xy","autoreverses":false,"duration":0.75,"keyTimes":[0,0.42999999999999999,0.66700000000000004,1]},{"timeOffset":0,"from":{"scalar":false},"beginTime":0.0001,"repeatCount":0,"fillMode":"forwards","property":"hidden","autoreverses":false,"duration":0.74990000000000001,"to":{"scalar":false}}],"fillMode":"both","autoreverses":false,"duration":0.75}],"layers":[],"texturedRectangle":{"singleTextureOpacity":1,"textXHeight":0,"shapePath":{"lineWidth":1,"flatness":0.59999999999999998,"lineCapStyle":0,"elements":[{"type":"MoveToPoint","points":[[92.529167175292969,22.609382629394531]]},{"type":"AddCurve","points":[[112.05538177490234,42.135597229003906],[112.05538177490234,73.793846130371094],[92.529167175292969,93.320060729980469]]},{"type":"AddCurve","points":[[73.002952575683594,112.84627532958984],[41.344703674316406,112.84627532958984],[21.818489074707031,93.320060729980469]]},{"type":"AddCurve","points":[[2.2922744750976562,73.793846130371094],[2.2922744750976562,42.135597229003906],[21.818489074707031,22.609382629394531]]},{"type":"AddCurve","points":[[41.344703674316406,3.0831680297851562],[73.002952575683594,3.0831680297851562],[92.529167175292969,22.609382629394531]]},{"type":"CloseSubpath"},{"type":"MoveToPoint","points":[[92.529167175292969,22.609382629394531]]}],"windingRule":0,"lineJoinStyle":0,"miterLimit":10},"isBackgroundTexture":true,"textBaseline":0,"isVerticalText":false,"textureType":5},"initialState":{"affineTransform":[1,0,0,1,0,0],"masksToBounds":false,"rotation":0,"scale":1,"position":{"pointX":56.326171875,"pointY":55.5352783203125},"width":115,"sublayerTransform":[1,0,0,0,0,1,0,0,0,0,1,0,0,0,0,1],"contentsRect":{"y":0,"x":0,"width":1,"height":1},"opacity":1,"edgeAntialiasingMask":0,"height":115,"hidden":true,"anchorPoint":{"pointX":0.5,"pointY":0.5}},"texture":"3874729FE18DBE5E9C341F67DF2730B1"}]}]},"effects":[],"duration":0.75,"type":"buildIn","name":"apple:bc-pop","objectID":"3A0728E9-21DB-4D24-B5FF-690D5427A7C2"}],"automaticPlay":false,"hyperlinks":[],"accessibility":[],"baseLayer":{"animations":[],"initialState":{"affineTransform":[1,0,0,1,0,0],"masksToBounds":false,"rotation":0,"scale":1,"position":{"pointX":950,"pointY":590},"width":1900,"sublayerTransform":[1,0,0,0,0,1,0,0,0,0,1,0,0,0,0,1],"contentsRect":{"y":0,"x":0,"width":1,"height":1},"opacity":1,"edgeAntialiasingMask":251658240,"height":1180,"hidden":false,"anchorPoint":{"pointX":0.5,"pointY":0.5}},"layers":[{"animations":[],"initialState":{"affineTransform":[1,0,0,1,0,0],"masksToBounds":false,"rotation":0,"scale":1,"position":{"pointX":950,"pointY":590},"width":1900,"sublayerTransform":[1,0,0,0,0,1,0,0,0,0,1,0,0,0,0,1],"contentsRect":{"y":0,"x":0,"width":1,"height":1},"opacity":1,"edgeAntialiasingMask":251658240,"height":1180,"hidden":false,"anchorPoint":{"pointX":0.5,"pointY":0.5}},"layers":[{"animations":[],"initialState":{"affineTransform":[1,0,0,1,0,0],"masksToBounds":false,"rotation":0,"scale":1,"position":{"pointX":950,"pointY":590},"width":1900,"sublayerTransform":[1,0,0,0,0,1,0,0,0,0,1,0,0,0,0,1],"contentsRect":{"y":0,"x":0,"width":1,"height":1},"opacity":1,"edgeAntialiasingMask":251658240,"height":1180,"hidden":false,"anchorPoint":{"pointX":0.5,"pointY":0.5}},"layers":[{"animations":[],"layers":[],"texturedRectangle":{"isBackgroundTexture":true,"singleTextureOpacity":1,"textureType":1,"textBaseline":0,"textXHeight":0,"isVerticalText":false},"initialState":{"affineTransform":[1,0,0,1,0,0],"masksToBounds":false,"rotation":0,"scale":1,"position":{"pointX":950,"pointY":590},"width":1900,"sublayerTransform":[1,0,0,0,0,1,0,0,0,0,1,0,0,0,0,1],"contentsRect":{"y":0,"x":0,"width":1,"height":1},"opacity":1,"edgeAntialiasingMask":0,"height":1180,"hidden":false,"anchorPoint":{"pointX":0.5,"pointY":0.5}},"texture":"F98697E90F0E7F132168DD9768F98E4C"}]}]},{"animations":[],"initialState":{"affineTransform":[1,0,0,1,0,0],"masksToBounds":false,"rotation":0,"scale":1,"position":{"pointX":950,"pointY":590},"width":1900,"sublayerTransform":[1,0,0,0,0,1,0,0,0,0,1,0,0,0,0,1],"contentsRect":{"y":0,"x":0,"width":1,"height":1},"opacity":1,"edgeAntialiasingMask":251658240,"height":1180,"hidden":false,"anchorPoint":{"pointX":0.5,"pointY":0.5}},"layers":[{"animations":[],"initialState":{"affineTransform":[1,0,0,1,0,0],"masksToBounds":false,"rotation":0,"scale":1,"position":{"pointX":937.10479736328125,"pointY":556.0755615234375},"width":733,"sublayerTransform":[1,0,0,0,0,1,0,0,0,0,1,0,0,0,0,1],"contentsRect":{"y":0,"x":0,"width":1,"height":1},"opacity":1,"edgeAntialiasingMask":251658240,"height":692,"hidden":false,"anchorPoint":{"pointX":0.5,"pointY":0.5}},"layers":[{"animations":[],"layers":[],"texturedRectangle":{"isBackgroundTexture":true,"singleTextureOpacity":1,"textureType":5,"textBaseline":0,"textXHeight":0,"isVerticalText":false},"initialState":{"affineTransform":[1,0,0,1,0,0],"masksToBounds":false,"rotation":0,"scale":1,"position":{"pointX":359.89520263671875,"pointY":338.9244384765625},"width":733,"sublayerTransform":[1,0,0,0,0,1,0,0,0,0,1,0,0,0,0,1],"contentsRect":{"y":0,"x":0,"width":1,"height":1},"opacity":1,"edgeAntialiasingMask":0,"height":692,"hidden":false,"anchorPoint":{"pointX":0.5,"pointY":0.5}},"texture":"7FEAB8FB08776082195B6016B68FA712"}]}]},{"animations":[],"initialState":{"affineTransform":[1,0,0,1,0,0],"masksToBounds":false,"rotation":0,"scale":1,"position":{"pointX":950,"pointY":590},"width":1900,"sublayerTransform":[1,0,0,0,0,1,0,0,0,0,1,0,0,0,0,1],"contentsRect":{"y":0,"x":0,"width":1,"height":1},"opacity":1,"edgeAntialiasingMask":251658240,"height":1180,"hidden":false,"anchorPoint":{"pointX":0.5,"pointY":0.5}},"layers":[{"animations":[],"initialState":{"affineTransform":[1,0,0,1,0,0],"masksToBounds":false,"rotation":0,"scale":1,"position":{"pointX":596.824951171875,"pointY":864.4647216796875},"width":115,"sublayerTransform":[1,0,0,0,0,1,0,0,0,0,1,0,0,0,0,1],"contentsRect":{"y":0,"x":0,"width":1,"height":1},"opacity":1,"edgeAntialiasingMask":251658240,"height":115,"hidden":false,"anchorPoint":{"pointX":0.5,"pointY":0.5}},"objectID":"A5F82D26-F626-41EC-8BE3-B383DE381C5C","layers":[{"animations":[],"layers":[],"texturedRectangle":{"singleTextureOpacity":1,"textXHeight":0,"shapePath":{"lineWidth":1,"flatness":0.59999999999999998,"lineCapStyle":0,"elements":[{"type":"MoveToPoint","points":[[92.680290222167969,22.609382629394531]]},{"type":"AddCurve","points":[[112.20650482177734,42.135597229003906],[112.20650482177734,73.793846130371094],[92.680290222167969,93.320060729980469]]},{"type":"AddCurve","points":[[73.154075622558594,112.84627532958984],[41.495826721191406,112.84627532958984],[21.969612121582031,93.320060729980469]]},{"type":"AddCurve","points":[[2.4433975219726562,73.793846130371094],[2.4433975219726562,42.135597229003906],[21.969612121582031,22.609382629394531]]},{"type":"AddCurve","points":[[41.495826721191406,3.0831680297851562],[73.154075622558594,3.0831680297851562],[92.680290222167969,22.609382629394531]]},{"type":"CloseSubpath"},{"type":"MoveToPoint","points":[[92.680290222167969,22.609382629394531]]}],"windingRule":0,"lineJoinStyle":0,"miterLimit":10},"isBackgroundTexture":true,"textBaseline":0,"isVerticalText":false,"textureType":5},"initialState":{"affineTransform":[1,0,0,1,0,0],"masksToBounds":false,"rotation":0,"scale":1,"position":{"pointX":56.175048828125,"pointY":55.5352783203125},"width":115,"sublayerTransform":[1,0,0,0,0,1,0,0,0,0,1,0,0,0,0,1],"contentsRect":{"y":0,"x":0,"width":1,"height":1},"opacity":1,"edgeAntialiasingMask":0,"height":115,"hidden":false,"anchorPoint":{"pointX":0.5,"pointY":0.5}},"texture":"6763EFF4A3B07C7253E2CDB2B13DC697"}]}]},{"animations":[],"initialState":{"affineTransform":[1,0,0,1,0,0],"masksToBounds":false,"rotation":0,"scale":1,"position":{"pointX":950,"pointY":590},"width":1900,"sublayerTransform":[1,0,0,0,0,1,0,0,0,0,1,0,0,0,0,1],"contentsRect":{"y":0,"x":0,"width":1,"height":1},"opacity":1,"edgeAntialiasingMask":251658240,"height":1180,"hidden":false,"anchorPoint":{"pointX":0.5,"pointY":0.5}},"layers":[{"animations":[],"initialState":{"affineTransform":[1,0,0,1,0,0],"masksToBounds":false,"rotation":0,"scale":1,"position":{"pointX":1269.673828125,"pointY":864.4647216796875},"width":115,"sublayerTransform":[1,0,0,0,0,1,0,0,0,0,1,0,0,0,0,1],"contentsRect":{"y":0,"x":0,"width":1,"height":1},"opacity":1,"edgeAntialiasingMask":251658240,"height":115,"hidden":false,"anchorPoint":{"pointX":0.5,"pointY":0.5}},"objectID":"3A0728E9-21DB-4D24-B5FF-690D5427A7C2","layers":[{"animations":[],"layers":[],"texturedRectangle":{"singleTextureOpacity":1,"textXHeight":0,"shapePath":{"lineWidth":1,"flatness":0.59999999999999998,"lineCapStyle":0,"elements":[{"type":"MoveToPoint","points":[[92.529167175292969,22.609382629394531]]},{"type":"AddCurve","points":[[112.05538177490234,42.135597229003906],[112.05538177490234,73.793846130371094],[92.529167175292969,93.320060729980469]]},{"type":"AddCurve","points":[[73.002952575683594,112.84627532958984],[41.344703674316406,112.84627532958984],[21.818489074707031,93.320060729980469]]},{"type":"AddCurve","points":[[2.2922744750976562,73.793846130371094],[2.2922744750976562,42.135597229003906],[21.818489074707031,22.609382629394531]]},{"type":"AddCurve","points":[[41.344703674316406,3.0831680297851562],[73.002952575683594,3.0831680297851562],[92.529167175292969,22.609382629394531]]},{"type":"CloseSubpath"},{"type":"MoveToPoint","points":[[92.529167175292969,22.609382629394531]]}],"windingRule":0,"lineJoinStyle":0,"miterLimit":10},"isBackgroundTexture":true,"textBaseline":0,"isVerticalText":false,"textureType":5},"initialState":{"affineTransform":[1,0,0,1,0,0],"masksToBounds":false,"rotation":0,"scale":1,"position":{"pointX":56.326171875,"pointY":55.5352783203125},"width":115,"sublayerTransform":[1,0,0,0,0,1,0,0,0,0,1,0,0,0,0,1],"contentsRect":{"y":0,"x":0,"width":1,"height":1},"opacity":1,"edgeAntialiasingMask":0,"height":115,"hidden":true,"anchorPoint":{"pointX":0.5,"pointY":0.5}},"texture":"3874729FE18DBE5E9C341F67DF2730B1"}]}]},{"animations":[],"initialState":{"affineTransform":[1,0,0,1,0,0],"masksToBounds":false,"rotation":0,"scale":1,"position":{"pointX":950,"pointY":590},"width":1900,"sublayerTransform":[1,0,0,0,0,1,0,0,0,0,1,0,0,0,0,1],"contentsRect":{"y":0,"x":0,"width":1,"height":1},"opacity":1,"edgeAntialiasingMask":251658240,"height":1180,"hidden":false,"anchorPoint":{"pointX":0.5,"pointY":0.5}},"layers":[{"animations":[],"initialState":{"affineTransform":[1,0,0,1,0,0],"masksToBounds":false,"rotation":0,"scale":1,"position":{"pointX":835.29974365234375,"pointY":568.65032958984375},"width":242,"sublayerTransform":[1,0,0,0,0,1,0,0,0,0,1,0,0,0,0,1],"contentsRect":{"y":0,"x":0,"width":1,"height":1},"opacity":1,"edgeAntialiasingMask":251658240,"height":515,"hidden":false,"anchorPoint":{"pointX":0.5,"pointY":0.5}},"objectID":"5D29A977-8BD6-4EB5-AB9F-C960AF4F6EB1","layers":[{"animations":[],"layers":[],"texturedRectangle":{"isBackgroundTexture":true,"singleTextureOpacity":1,"textureType":5,"textBaseline":0,"textXHeight":0,"isVerticalText":false},"initialState":{"affineTransform":[1,0,0,1,0,0],"masksToBounds":false,"rotation":0,"scale":1,"position":{"pointX":100.70025634765625,"pointY":256.34967041015625},"width":242,"sublayerTransform":[1,0,0,0,0,1,0,0,0,0,1,0,0,0,0,1],"contentsRect":{"y":0,"x":0,"width":1,"height":1},"opacity":1,"edgeAntialiasingMask":0,"height":515,"hidden":true,"anchorPoint":{"pointX":0.5,"pointY":0.5}},"texture":"11679D73C6B50DFF1CF6C1196ED48EA8"}]}]},{"animations":[],"initialState":{"affineTransform":[1,0,0,1,0,0],"masksToBounds":false,"rotation":0,"scale":1,"position":{"pointX":950,"pointY":590},"width":1900,"sublayerTransform":[1,0,0,0,0,1,0,0,0,0,1,0,0,0,0,1],"contentsRect":{"y":0,"x":0,"width":1,"height":1},"opacity":1,"edgeAntialiasingMask":251658240,"height":1180,"hidden":false,"anchorPoint":{"pointX":0.5,"pointY":0.5}},"layers":[{"animations":[],"initialState":{"affineTransform":[1,0,0,1,0,0],"masksToBounds":false,"rotation":0,"scale":1,"position":{"pointX":1062.7367553710938,"pointY":570.15032958984375},"width":147,"sublayerTransform":[1,0,0,0,0,1,0,0,0,0,1,0,0,0,0,1],"contentsRect":{"y":0,"x":0,"width":1,"height":1},"opacity":1,"edgeAntialiasingMask":251658240,"height":518,"hidden":false,"anchorPoint":{"pointX":0.5,"pointY":0.5}},"objectID":"695F7D66-8DE4-4692-9F39-17AD2BE19E3E","layers":[{"animations":[],"layers":[],"texturedRectangle":{"isBackgroundTexture":true,"singleTextureOpacity":1,"textureType":5,"textBaseline":0,"textXHeight":0,"isVerticalText":false},"initialState":{"affineTransform":[1,0,0,1,0,0],"masksToBounds":false,"rotation":0,"scale":1,"position":{"pointX":53.26324462890625,"pointY":257.84967041015625},"width":147,"sublayerTransform":[1,0,0,0,0,1,0,0,0,0,1,0,0,0,0,1],"contentsRect":{"y":0,"x":0,"width":1,"height":1},"opacity":1,"edgeAntialiasingMask":0,"height":518,"hidden":true,"anchorPoint":{"pointX":0.5,"pointY":0.5}},"texture":"C6F60C6EE450A664265165B6DF3F597B"}]}]}]}},{"effects":[{"beginTime":0,"baseLayer":{"animations":[],"initialState":{"affineTransform":[1,0,0,1,0,0],"masksToBounds":false,"rotation":0,"scale":1,"position":{"pointX":835.29974365234375,"pointY":568.65032958984375},"width":242,"sublayerTransform":[1,0,0,0,0,1,0,0,0,0,1,0,0,0,0,1],"contentsRect":{"y":0,"x":0,"width":1,"height":1},"opacity":1,"edgeAntialiasingMask":251658240,"height":515,"hidden":false,"anchorPoint":{"pointX":0.5,"pointY":0.5}},"objectID":"5D29A977-8BD6-4EB5-AB9F-C960AF4F6EB1","layers":[{"animations":[],"initialState":{"affineTransform":[1,0,0,1,0,0],"masksToBounds":false,"rotation":0,"scale":1,"position":{"pointX":235.70025634765625,"pointY":278.84967041015625},"width":242,"sublayerTransform":[1,0,0,0,0,1,0,0,0,0,1,-0.00032041140223828868,0,0,0,1],"contentsRect":{"y":0,"x":0,"width":1,"height":1},"opacity":1,"edgeAntialiasingMask":251658240,"height":515,"hidden":false,"anchorPoint":{"pointX":0.97396800143659612,"pointY":0.54145567069933254}},"layers":[{"animations":[{"timeOffset":0,"beginTime":1e-100,"repeatCount":0,"animations":[{"timeOffset":0,"from":{"scalar":0},"beginTime":0,"repeatCount":0,"fillMode":"both","duration":1,"autoreverses":false,"timingFunction":"EaseInEaseOut","property":"opacity","to":{"scalar":1}},{"timeOffset":0,"from":{"scalar":false},"beginTime":0,"repeatCount":0,"fillMode":"forwards","property":"hidden","autoreverses":false,"duration":1,"to":{"scalar":false}}],"fillMode":"both","autoreverses":false,"duration":1}],"layers":[],"texturedRectangle":{"isBackgroundTexture":true,"singleTextureOpacity":1,"textureType":5,"textBaseline":0,"textXHeight":0,"isVerticalText":false},"initialState":{"affineTransform":[1,0,0,1,0,0],"masksToBounds":false,"rotation":0,"scale":1,"position":{"pointX":100.70025634765625,"pointY":256.34967041015625},"width":242,"sublayerTransform":[1,0,0,0,0,1,0,0,0,0,1,0,0,0,0,1],"contentsRect":{"y":0,"x":0,"width":1,"height":1},"opacity":1,"edgeAntialiasingMask":0,"height":515,"hidden":true,"anchorPoint":{"pointX":0.5,"pointY":0.5}},"texture":"11679D73C6B50DFF1CF6C1196ED48EA8"}]}]},"effects":[],"duration":1,"type":"buildIn","attributes":{"direction":14},"name":"apple:wipe","objectID":"5D29A977-8BD6-4EB5-AB9F-C960AF4F6EB1"}],"automaticPlay":false,"hyperlinks":[],"accessibility":[],"baseLayer":{"animations":[],"initialState":{"affineTransform":[1,0,0,1,0,0],"masksToBounds":false,"rotation":0,"scale":1,"position":{"pointX":950,"pointY":590},"width":1900,"sublayerTransform":[1,0,0,0,0,1,0,0,0,0,1,0,0,0,0,1],"contentsRect":{"y":0,"x":0,"width":1,"height":1},"opacity":1,"edgeAntialiasingMask":251658240,"height":1180,"hidden":false,"anchorPoint":{"pointX":0.5,"pointY":0.5}},"layers":[{"animations":[],"initialState":{"affineTransform":[1,0,0,1,0,0],"masksToBounds":false,"rotation":0,"scale":1,"position":{"pointX":950,"pointY":590},"width":1900,"sublayerTransform":[1,0,0,0,0,1,0,0,0,0,1,0,0,0,0,1],"contentsRect":{"y":0,"x":0,"width":1,"height":1},"opacity":1,"edgeAntialiasingMask":251658240,"height":1180,"hidden":false,"anchorPoint":{"pointX":0.5,"pointY":0.5}},"layers":[{"animations":[],"initialState":{"affineTransform":[1,0,0,1,0,0],"masksToBounds":false,"rotation":0,"scale":1,"position":{"pointX":950,"pointY":590},"width":1900,"sublayerTransform":[1,0,0,0,0,1,0,0,0,0,1,0,0,0,0,1],"contentsRect":{"y":0,"x":0,"width":1,"height":1},"opacity":1,"edgeAntialiasingMask":251658240,"height":1180,"hidden":false,"anchorPoint":{"pointX":0.5,"pointY":0.5}},"layers":[{"animations":[],"layers":[],"texturedRectangle":{"isBackgroundTexture":true,"singleTextureOpacity":1,"textureType":1,"textBaseline":0,"textXHeight":0,"isVerticalText":false},"initialState":{"affineTransform":[1,0,0,1,0,0],"masksToBounds":false,"rotation":0,"scale":1,"position":{"pointX":950,"pointY":590},"width":1900,"sublayerTransform":[1,0,0,0,0,1,0,0,0,0,1,0,0,0,0,1],"contentsRect":{"y":0,"x":0,"width":1,"height":1},"opacity":1,"edgeAntialiasingMask":0,"height":1180,"hidden":false,"anchorPoint":{"pointX":0.5,"pointY":0.5}},"texture":"F98697E90F0E7F132168DD9768F98E4C"}]}]},{"animations":[],"initialState":{"affineTransform":[1,0,0,1,0,0],"masksToBounds":false,"rotation":0,"scale":1,"position":{"pointX":950,"pointY":590},"width":1900,"sublayerTransform":[1,0,0,0,0,1,0,0,0,0,1,0,0,0,0,1],"contentsRect":{"y":0,"x":0,"width":1,"height":1},"opacity":1,"edgeAntialiasingMask":251658240,"height":1180,"hidden":false,"anchorPoint":{"pointX":0.5,"pointY":0.5}},"layers":[{"animations":[],"initialState":{"affineTransform":[1,0,0,1,0,0],"masksToBounds":false,"rotation":0,"scale":1,"position":{"pointX":937.10479736328125,"pointY":556.0755615234375},"width":733,"sublayerTransform":[1,0,0,0,0,1,0,0,0,0,1,0,0,0,0,1],"contentsRect":{"y":0,"x":0,"width":1,"height":1},"opacity":1,"edgeAntialiasingMask":251658240,"height":692,"hidden":false,"anchorPoint":{"pointX":0.5,"pointY":0.5}},"layers":[{"animations":[],"layers":[],"texturedRectangle":{"isBackgroundTexture":true,"singleTextureOpacity":1,"textureType":5,"textBaseline":0,"textXHeight":0,"isVerticalText":false},"initialState":{"affineTransform":[1,0,0,1,0,0],"masksToBounds":false,"rotation":0,"scale":1,"position":{"pointX":359.89520263671875,"pointY":338.9244384765625},"width":733,"sublayerTransform":[1,0,0,0,0,1,0,0,0,0,1,0,0,0,0,1],"contentsRect":{"y":0,"x":0,"width":1,"height":1},"opacity":1,"edgeAntialiasingMask":0,"height":692,"hidden":false,"anchorPoint":{"pointX":0.5,"pointY":0.5}},"texture":"7FEAB8FB08776082195B6016B68FA712"}]}]},{"animations":[],"initialState":{"affineTransform":[1,0,0,1,0,0],"masksToBounds":false,"rotation":0,"scale":1,"position":{"pointX":950,"pointY":590},"width":1900,"sublayerTransform":[1,0,0,0,0,1,0,0,0,0,1,0,0,0,0,1],"contentsRect":{"y":0,"x":0,"width":1,"height":1},"opacity":1,"edgeAntialiasingMask":251658240,"height":1180,"hidden":false,"anchorPoint":{"pointX":0.5,"pointY":0.5}},"layers":[{"animations":[],"initialState":{"affineTransform":[1,0,0,1,0,0],"masksToBounds":false,"rotation":0,"scale":1,"position":{"pointX":596.824951171875,"pointY":864.4647216796875},"width":115,"sublayerTransform":[1,0,0,0,0,1,0,0,0,0,1,0,0,0,0,1],"contentsRect":{"y":0,"x":0,"width":1,"height":1},"opacity":1,"edgeAntialiasingMask":251658240,"height":115,"hidden":false,"anchorPoint":{"pointX":0.5,"pointY":0.5}},"objectID":"A5F82D26-F626-41EC-8BE3-B383DE381C5C","layers":[{"animations":[],"layers":[],"texturedRectangle":{"singleTextureOpacity":1,"textXHeight":0,"shapePath":{"lineWidth":1,"flatness":0.59999999999999998,"lineCapStyle":0,"elements":[{"type":"MoveToPoint","points":[[92.680290222167969,22.609382629394531]]},{"type":"AddCurve","points":[[112.20650482177734,42.135597229003906],[112.20650482177734,73.793846130371094],[92.680290222167969,93.320060729980469]]},{"type":"AddCurve","points":[[73.154075622558594,112.84627532958984],[41.495826721191406,112.84627532958984],[21.969612121582031,93.320060729980469]]},{"type":"AddCurve","points":[[2.4433975219726562,73.793846130371094],[2.4433975219726562,42.135597229003906],[21.969612121582031,22.609382629394531]]},{"type":"AddCurve","points":[[41.495826721191406,3.0831680297851562],[73.154075622558594,3.0831680297851562],[92.680290222167969,22.609382629394531]]},{"type":"CloseSubpath"},{"type":"MoveToPoint","points":[[92.680290222167969,22.609382629394531]]}],"windingRule":0,"lineJoinStyle":0,"miterLimit":10},"isBackgroundTexture":true,"textBaseline":0,"isVerticalText":false,"textureType":5},"initialState":{"affineTransform":[1,0,0,1,0,0],"masksToBounds":false,"rotation":0,"scale":1,"position":{"pointX":56.175048828125,"pointY":55.5352783203125},"width":115,"sublayerTransform":[1,0,0,0,0,1,0,0,0,0,1,0,0,0,0,1],"contentsRect":{"y":0,"x":0,"width":1,"height":1},"opacity":1,"edgeAntialiasingMask":0,"height":115,"hidden":false,"anchorPoint":{"pointX":0.5,"pointY":0.5}},"texture":"6763EFF4A3B07C7253E2CDB2B13DC697"}]}]},{"animations":[],"initialState":{"affineTransform":[1,0,0,1,0,0],"masksToBounds":false,"rotation":0,"scale":1,"position":{"pointX":950,"pointY":590},"width":1900,"sublayerTransform":[1,0,0,0,0,1,0,0,0,0,1,0,0,0,0,1],"contentsRect":{"y":0,"x":0,"width":1,"height":1},"opacity":1,"edgeAntialiasingMask":251658240,"height":1180,"hidden":false,"anchorPoint":{"pointX":0.5,"pointY":0.5}},"layers":[{"animations":[],"initialState":{"affineTransform":[1,0,0,1,0,0],"masksToBounds":false,"rotation":0,"scale":1,"position":{"pointX":1269.673828125,"pointY":864.4647216796875},"width":115,"sublayerTransform":[1,0,0,0,0,1,0,0,0,0,1,0,0,0,0,1],"contentsRect":{"y":0,"x":0,"width":1,"height":1},"opacity":1,"edgeAntialiasingMask":251658240,"height":115,"hidden":false,"anchorPoint":{"pointX":0.5,"pointY":0.5}},"objectID":"3A0728E9-21DB-4D24-B5FF-690D5427A7C2","layers":[{"animations":[],"layers":[],"texturedRectangle":{"singleTextureOpacity":1,"textXHeight":0,"shapePath":{"lineWidth":1,"flatness":0.59999999999999998,"lineCapStyle":0,"elements":[{"type":"MoveToPoint","points":[[92.529167175292969,22.609382629394531]]},{"type":"AddCurve","points":[[112.05538177490234,42.135597229003906],[112.05538177490234,73.793846130371094],[92.529167175292969,93.320060729980469]]},{"type":"AddCurve","points":[[73.002952575683594,112.84627532958984],[41.344703674316406,112.84627532958984],[21.818489074707031,93.320060729980469]]},{"type":"AddCurve","points":[[2.2922744750976562,73.793846130371094],[2.2922744750976562,42.135597229003906],[21.818489074707031,22.609382629394531]]},{"type":"AddCurve","points":[[41.344703674316406,3.0831680297851562],[73.002952575683594,3.0831680297851562],[92.529167175292969,22.609382629394531]]},{"type":"CloseSubpath"},{"type":"MoveToPoint","points":[[92.529167175292969,22.609382629394531]]}],"windingRule":0,"lineJoinStyle":0,"miterLimit":10},"isBackgroundTexture":true,"textBaseline":0,"isVerticalText":false,"textureType":5},"initialState":{"affineTransform":[1,0,0,1,0,0],"masksToBounds":false,"rotation":0,"scale":1,"position":{"pointX":56.326171875,"pointY":55.5352783203125},"width":115,"sublayerTransform":[1,0,0,0,0,1,0,0,0,0,1,0,0,0,0,1],"contentsRect":{"y":0,"x":0,"width":1,"height":1},"opacity":1,"edgeAntialiasingMask":0,"height":115,"hidden":false,"anchorPoint":{"pointX":0.5,"pointY":0.5}},"texture":"3874729FE18DBE5E9C341F67DF2730B1"}]}]},{"animations":[],"initialState":{"affineTransform":[1,0,0,1,0,0],"masksToBounds":false,"rotation":0,"scale":1,"position":{"pointX":950,"pointY":590},"width":1900,"sublayerTransform":[1,0,0,0,0,1,0,0,0,0,1,0,0,0,0,1],"contentsRect":{"y":0,"x":0,"width":1,"height":1},"opacity":1,"edgeAntialiasingMask":251658240,"height":1180,"hidden":false,"anchorPoint":{"pointX":0.5,"pointY":0.5}},"layers":[{"animations":[],"initialState":{"affineTransform":[1,0,0,1,0,0],"masksToBounds":false,"rotation":0,"scale":1,"position":{"pointX":835.29974365234375,"pointY":568.65032958984375},"width":242,"sublayerTransform":[1,0,0,0,0,1,0,0,0,0,1,0,0,0,0,1],"contentsRect":{"y":0,"x":0,"width":1,"height":1},"opacity":1,"edgeAntialiasingMask":251658240,"height":515,"hidden":false,"anchorPoint":{"pointX":0.5,"pointY":0.5}},"objectID":"5D29A977-8BD6-4EB5-AB9F-C960AF4F6EB1","layers":[{"animations":[],"layers":[],"texturedRectangle":{"isBackgroundTexture":true,"singleTextureOpacity":1,"textureType":5,"textBaseline":0,"textXHeight":0,"isVerticalText":false},"initialState":{"affineTransform":[1,0,0,1,0,0],"masksToBounds":false,"rotation":0,"scale":1,"position":{"pointX":100.70025634765625,"pointY":256.34967041015625},"width":242,"sublayerTransform":[1,0,0,0,0,1,0,0,0,0,1,0,0,0,0,1],"contentsRect":{"y":0,"x":0,"width":1,"height":1},"opacity":1,"edgeAntialiasingMask":0,"height":515,"hidden":true,"anchorPoint":{"pointX":0.5,"pointY":0.5}},"texture":"11679D73C6B50DFF1CF6C1196ED48EA8"}]}]},{"animations":[],"initialState":{"affineTransform":[1,0,0,1,0,0],"masksToBounds":false,"rotation":0,"scale":1,"position":{"pointX":950,"pointY":590},"width":1900,"sublayerTransform":[1,0,0,0,0,1,0,0,0,0,1,0,0,0,0,1],"contentsRect":{"y":0,"x":0,"width":1,"height":1},"opacity":1,"edgeAntialiasingMask":251658240,"height":1180,"hidden":false,"anchorPoint":{"pointX":0.5,"pointY":0.5}},"layers":[{"animations":[],"initialState":{"affineTransform":[1,0,0,1,0,0],"masksToBounds":false,"rotation":0,"scale":1,"position":{"pointX":1062.7367553710938,"pointY":570.15032958984375},"width":147,"sublayerTransform":[1,0,0,0,0,1,0,0,0,0,1,0,0,0,0,1],"contentsRect":{"y":0,"x":0,"width":1,"height":1},"opacity":1,"edgeAntialiasingMask":251658240,"height":518,"hidden":false,"anchorPoint":{"pointX":0.5,"pointY":0.5}},"objectID":"695F7D66-8DE4-4692-9F39-17AD2BE19E3E","layers":[{"animations":[],"layers":[],"texturedRectangle":{"isBackgroundTexture":true,"singleTextureOpacity":1,"textureType":5,"textBaseline":0,"textXHeight":0,"isVerticalText":false},"initialState":{"affineTransform":[1,0,0,1,0,0],"masksToBounds":false,"rotation":0,"scale":1,"position":{"pointX":53.26324462890625,"pointY":257.84967041015625},"width":147,"sublayerTransform":[1,0,0,0,0,1,0,0,0,0,1,0,0,0,0,1],"contentsRect":{"y":0,"x":0,"width":1,"height":1},"opacity":1,"edgeAntialiasingMask":0,"height":518,"hidden":true,"anchorPoint":{"pointX":0.5,"pointY":0.5}},"texture":"C6F60C6EE450A664265165B6DF3F597B"}]}]}]}},{"effects":[{"beginTime":0,"baseLayer":{"animations":[],"initialState":{"affineTransform":[1,0,0,1,0,0],"masksToBounds":false,"rotation":0,"scale":1,"position":{"pointX":1062.7367553710938,"pointY":570.15032958984375},"width":147,"sublayerTransform":[1,0,0,0,0,1,0,0,0,0,1,0,0,0,0,1],"contentsRect":{"y":0,"x":0,"width":1,"height":1},"opacity":1,"edgeAntialiasingMask":251658240,"height":518,"hidden":false,"anchorPoint":{"pointX":0.5,"pointY":0.5}},"objectID":"695F7D66-8DE4-4692-9F39-17AD2BE19E3E","layers":[{"animations":[],"initialState":{"affineTransform":[1,0,0,1,0,0],"masksToBounds":false,"rotation":0,"scale":1,"position":{"pointX":-39.23675537109375,"pointY":278.84967041015625},"width":147,"sublayerTransform":[1,0,0,0,0,1,0,0,0,0,1,-0.00032041140223828868,0,0,0,1],"contentsRect":{"y":0,"x":0,"width":1,"height":1},"opacity":1,"edgeAntialiasingMask":251658240,"height":518,"hidden":false,"anchorPoint":{"pointX":-0.26691670320471939,"pointY":0.53831982704663373}},"layers":[{"animations":[{"timeOffset":0,"beginTime":1e-100,"repeatCount":0,"animations":[{"timeOffset":0,"from":{"scalar":0},"beginTime":0,"repeatCount":0,"fillMode":"both","duration":1,"autoreverses":false,"timingFunction":"EaseInEaseOut","property":"opacity","to":{"scalar":1}},{"timeOffset":0,"from":{"scalar":false},"beginTime":0,"repeatCount":0,"fillMode":"forwards","property":"hidden","autoreverses":false,"duration":1,"to":{"scalar":false}}],"fillMode":"both","autoreverses":false,"duration":1}],"layers":[],"texturedRectangle":{"isBackgroundTexture":true,"singleTextureOpacity":1,"textureType":5,"textBaseline":0,"textXHeight":0,"isVerticalText":false},"initialState":{"affineTransform":[1,0,0,1,0,0],"masksToBounds":false,"rotation":0,"scale":1,"position":{"pointX":53.26324462890625,"pointY":257.84967041015625},"width":147,"sublayerTransform":[1,0,0,0,0,1,0,0,0,0,1,0,0,0,0,1],"contentsRect":{"y":0,"x":0,"width":1,"height":1},"opacity":1,"edgeAntialiasingMask":0,"height":518,"hidden":true,"anchorPoint":{"pointX":0.5,"pointY":0.5}},"texture":"C6F60C6EE450A664265165B6DF3F597B"}]}]},"effects":[],"duration":1,"type":"buildIn","attributes":{"direction":13},"name":"apple:wipe","objectID":"695F7D66-8DE4-4692-9F39-17AD2BE19E3E"}],"automaticPlay":false,"hyperlinks":[],"accessibility":[],"baseLayer":{"animations":[],"initialState":{"affineTransform":[1,0,0,1,0,0],"masksToBounds":false,"rotation":0,"scale":1,"position":{"pointX":950,"pointY":590},"width":1900,"sublayerTransform":[1,0,0,0,0,1,0,0,0,0,1,0,0,0,0,1],"contentsRect":{"y":0,"x":0,"width":1,"height":1},"opacity":1,"edgeAntialiasingMask":251658240,"height":1180,"hidden":false,"anchorPoint":{"pointX":0.5,"pointY":0.5}},"layers":[{"animations":[],"initialState":{"affineTransform":[1,0,0,1,0,0],"masksToBounds":false,"rotation":0,"scale":1,"position":{"pointX":950,"pointY":590},"width":1900,"sublayerTransform":[1,0,0,0,0,1,0,0,0,0,1,0,0,0,0,1],"contentsRect":{"y":0,"x":0,"width":1,"height":1},"opacity":1,"edgeAntialiasingMask":251658240,"height":1180,"hidden":false,"anchorPoint":{"pointX":0.5,"pointY":0.5}},"layers":[{"animations":[],"initialState":{"affineTransform":[1,0,0,1,0,0],"masksToBounds":false,"rotation":0,"scale":1,"position":{"pointX":950,"pointY":590},"width":1900,"sublayerTransform":[1,0,0,0,0,1,0,0,0,0,1,0,0,0,0,1],"contentsRect":{"y":0,"x":0,"width":1,"height":1},"opacity":1,"edgeAntialiasingMask":251658240,"height":1180,"hidden":false,"anchorPoint":{"pointX":0.5,"pointY":0.5}},"layers":[{"animations":[],"layers":[],"texturedRectangle":{"isBackgroundTexture":true,"singleTextureOpacity":1,"textureType":1,"textBaseline":0,"textXHeight":0,"isVerticalText":false},"initialState":{"affineTransform":[1,0,0,1,0,0],"masksToBounds":false,"rotation":0,"scale":1,"position":{"pointX":950,"pointY":590},"width":1900,"sublayerTransform":[1,0,0,0,0,1,0,0,0,0,1,0,0,0,0,1],"contentsRect":{"y":0,"x":0,"width":1,"height":1},"opacity":1,"edgeAntialiasingMask":0,"height":1180,"hidden":false,"anchorPoint":{"pointX":0.5,"pointY":0.5}},"texture":"F98697E90F0E7F132168DD9768F98E4C"}]}]},{"animations":[],"initialState":{"affineTransform":[1,0,0,1,0,0],"masksToBounds":false,"rotation":0,"scale":1,"position":{"pointX":950,"pointY":590},"width":1900,"sublayerTransform":[1,0,0,0,0,1,0,0,0,0,1,0,0,0,0,1],"contentsRect":{"y":0,"x":0,"width":1,"height":1},"opacity":1,"edgeAntialiasingMask":251658240,"height":1180,"hidden":false,"anchorPoint":{"pointX":0.5,"pointY":0.5}},"layers":[{"animations":[],"initialState":{"affineTransform":[1,0,0,1,0,0],"masksToBounds":false,"rotation":0,"scale":1,"position":{"pointX":937.10479736328125,"pointY":556.0755615234375},"width":733,"sublayerTransform":[1,0,0,0,0,1,0,0,0,0,1,0,0,0,0,1],"contentsRect":{"y":0,"x":0,"width":1,"height":1},"opacity":1,"edgeAntialiasingMask":251658240,"height":692,"hidden":false,"anchorPoint":{"pointX":0.5,"pointY":0.5}},"layers":[{"animations":[],"layers":[],"texturedRectangle":{"isBackgroundTexture":true,"singleTextureOpacity":1,"textureType":5,"textBaseline":0,"textXHeight":0,"isVerticalText":false},"initialState":{"affineTransform":[1,0,0,1,0,0],"masksToBounds":false,"rotation":0,"scale":1,"position":{"pointX":359.89520263671875,"pointY":338.9244384765625},"width":733,"sublayerTransform":[1,0,0,0,0,1,0,0,0,0,1,0,0,0,0,1],"contentsRect":{"y":0,"x":0,"width":1,"height":1},"opacity":1,"edgeAntialiasingMask":0,"height":692,"hidden":false,"anchorPoint":{"pointX":0.5,"pointY":0.5}},"texture":"7FEAB8FB08776082195B6016B68FA712"}]}]},{"animations":[],"initialState":{"affineTransform":[1,0,0,1,0,0],"masksToBounds":false,"rotation":0,"scale":1,"position":{"pointX":950,"pointY":590},"width":1900,"sublayerTransform":[1,0,0,0,0,1,0,0,0,0,1,0,0,0,0,1],"contentsRect":{"y":0,"x":0,"width":1,"height":1},"opacity":1,"edgeAntialiasingMask":251658240,"height":1180,"hidden":false,"anchorPoint":{"pointX":0.5,"pointY":0.5}},"layers":[{"animations":[],"initialState":{"affineTransform":[1,0,0,1,0,0],"masksToBounds":false,"rotation":0,"scale":1,"position":{"pointX":596.824951171875,"pointY":864.4647216796875},"width":115,"sublayerTransform":[1,0,0,0,0,1,0,0,0,0,1,0,0,0,0,1],"contentsRect":{"y":0,"x":0,"width":1,"height":1},"opacity":1,"edgeAntialiasingMask":251658240,"height":115,"hidden":false,"anchorPoint":{"pointX":0.5,"pointY":0.5}},"objectID":"A5F82D26-F626-41EC-8BE3-B383DE381C5C","layers":[{"animations":[],"layers":[],"texturedRectangle":{"singleTextureOpacity":1,"textXHeight":0,"shapePath":{"lineWidth":1,"flatness":0.59999999999999998,"lineCapStyle":0,"elements":[{"type":"MoveToPoint","points":[[92.680290222167969,22.609382629394531]]},{"type":"AddCurve","points":[[112.20650482177734,42.135597229003906],[112.20650482177734,73.793846130371094],[92.680290222167969,93.320060729980469]]},{"type":"AddCurve","points":[[73.154075622558594,112.84627532958984],[41.495826721191406,112.84627532958984],[21.969612121582031,93.320060729980469]]},{"type":"AddCurve","points":[[2.4433975219726562,73.793846130371094],[2.4433975219726562,42.135597229003906],[21.969612121582031,22.609382629394531]]},{"type":"AddCurve","points":[[41.495826721191406,3.0831680297851562],[73.154075622558594,3.0831680297851562],[92.680290222167969,22.609382629394531]]},{"type":"CloseSubpath"},{"type":"MoveToPoint","points":[[92.680290222167969,22.609382629394531]]}],"windingRule":0,"lineJoinStyle":0,"miterLimit":10},"isBackgroundTexture":true,"textBaseline":0,"isVerticalText":false,"textureType":5},"initialState":{"affineTransform":[1,0,0,1,0,0],"masksToBounds":false,"rotation":0,"scale":1,"position":{"pointX":56.175048828125,"pointY":55.5352783203125},"width":115,"sublayerTransform":[1,0,0,0,0,1,0,0,0,0,1,0,0,0,0,1],"contentsRect":{"y":0,"x":0,"width":1,"height":1},"opacity":1,"edgeAntialiasingMask":0,"height":115,"hidden":false,"anchorPoint":{"pointX":0.5,"pointY":0.5}},"texture":"6763EFF4A3B07C7253E2CDB2B13DC697"}]}]},{"animations":[],"initialState":{"affineTransform":[1,0,0,1,0,0],"masksToBounds":false,"rotation":0,"scale":1,"position":{"pointX":950,"pointY":590},"width":1900,"sublayerTransform":[1,0,0,0,0,1,0,0,0,0,1,0,0,0,0,1],"contentsRect":{"y":0,"x":0,"width":1,"height":1},"opacity":1,"edgeAntialiasingMask":251658240,"height":1180,"hidden":false,"anchorPoint":{"pointX":0.5,"pointY":0.5}},"layers":[{"animations":[],"initialState":{"affineTransform":[1,0,0,1,0,0],"masksToBounds":false,"rotation":0,"scale":1,"position":{"pointX":1269.673828125,"pointY":864.4647216796875},"width":115,"sublayerTransform":[1,0,0,0,0,1,0,0,0,0,1,0,0,0,0,1],"contentsRect":{"y":0,"x":0,"width":1,"height":1},"opacity":1,"edgeAntialiasingMask":251658240,"height":115,"hidden":false,"anchorPoint":{"pointX":0.5,"pointY":0.5}},"objectID":"3A0728E9-21DB-4D24-B5FF-690D5427A7C2","layers":[{"animations":[],"layers":[],"texturedRectangle":{"singleTextureOpacity":1,"textXHeight":0,"shapePath":{"lineWidth":1,"flatness":0.59999999999999998,"lineCapStyle":0,"elements":[{"type":"MoveToPoint","points":[[92.529167175292969,22.609382629394531]]},{"type":"AddCurve","points":[[112.05538177490234,42.135597229003906],[112.05538177490234,73.793846130371094],[92.529167175292969,93.320060729980469]]},{"type":"AddCurve","points":[[73.002952575683594,112.84627532958984],[41.344703674316406,112.84627532958984],[21.818489074707031,93.320060729980469]]},{"type":"AddCurve","points":[[2.2922744750976562,73.793846130371094],[2.2922744750976562,42.135597229003906],[21.818489074707031,22.609382629394531]]},{"type":"AddCurve","points":[[41.344703674316406,3.0831680297851562],[73.002952575683594,3.0831680297851562],[92.529167175292969,22.609382629394531]]},{"type":"CloseSubpath"},{"type":"MoveToPoint","points":[[92.529167175292969,22.609382629394531]]}],"windingRule":0,"lineJoinStyle":0,"miterLimit":10},"isBackgroundTexture":true,"textBaseline":0,"isVerticalText":false,"textureType":5},"initialState":{"affineTransform":[1,0,0,1,0,0],"masksToBounds":false,"rotation":0,"scale":1,"position":{"pointX":56.326171875,"pointY":55.5352783203125},"width":115,"sublayerTransform":[1,0,0,0,0,1,0,0,0,0,1,0,0,0,0,1],"contentsRect":{"y":0,"x":0,"width":1,"height":1},"opacity":1,"edgeAntialiasingMask":0,"height":115,"hidden":false,"anchorPoint":{"pointX":0.5,"pointY":0.5}},"texture":"3874729FE18DBE5E9C341F67DF2730B1"}]}]},{"animations":[],"initialState":{"affineTransform":[1,0,0,1,0,0],"masksToBounds":false,"rotation":0,"scale":1,"position":{"pointX":950,"pointY":590},"width":1900,"sublayerTransform":[1,0,0,0,0,1,0,0,0,0,1,0,0,0,0,1],"contentsRect":{"y":0,"x":0,"width":1,"height":1},"opacity":1,"edgeAntialiasingMask":251658240,"height":1180,"hidden":false,"anchorPoint":{"pointX":0.5,"pointY":0.5}},"layers":[{"animations":[],"initialState":{"affineTransform":[1,0,0,1,0,0],"masksToBounds":false,"rotation":0,"scale":1,"position":{"pointX":835.29974365234375,"pointY":568.65032958984375},"width":242,"sublayerTransform":[1,0,0,0,0,1,0,0,0,0,1,0,0,0,0,1],"contentsRect":{"y":0,"x":0,"width":1,"height":1},"opacity":1,"edgeAntialiasingMask":251658240,"height":515,"hidden":false,"anchorPoint":{"pointX":0.5,"pointY":0.5}},"objectID":"5D29A977-8BD6-4EB5-AB9F-C960AF4F6EB1","layers":[{"animations":[],"layers":[],"texturedRectangle":{"isBackgroundTexture":true,"singleTextureOpacity":1,"textureType":5,"textBaseline":0,"textXHeight":0,"isVerticalText":false},"initialState":{"affineTransform":[1,0,0,1,0,0],"masksToBounds":false,"rotation":0,"scale":1,"position":{"pointX":100.70025634765625,"pointY":256.34967041015625},"width":242,"sublayerTransform":[1,0,0,0,0,1,0,0,0,0,1,0,0,0,0,1],"contentsRect":{"y":0,"x":0,"width":1,"height":1},"opacity":1,"edgeAntialiasingMask":0,"height":515,"hidden":false,"anchorPoint":{"pointX":0.5,"pointY":0.5}},"texture":"11679D73C6B50DFF1CF6C1196ED48EA8"}]}]},{"animations":[],"initialState":{"affineTransform":[1,0,0,1,0,0],"masksToBounds":false,"rotation":0,"scale":1,"position":{"pointX":950,"pointY":590},"width":1900,"sublayerTransform":[1,0,0,0,0,1,0,0,0,0,1,0,0,0,0,1],"contentsRect":{"y":0,"x":0,"width":1,"height":1},"opacity":1,"edgeAntialiasingMask":251658240,"height":1180,"hidden":false,"anchorPoint":{"pointX":0.5,"pointY":0.5}},"layers":[{"animations":[],"initialState":{"affineTransform":[1,0,0,1,0,0],"masksToBounds":false,"rotation":0,"scale":1,"position":{"pointX":1062.7367553710938,"pointY":570.15032958984375},"width":147,"sublayerTransform":[1,0,0,0,0,1,0,0,0,0,1,0,0,0,0,1],"contentsRect":{"y":0,"x":0,"width":1,"height":1},"opacity":1,"edgeAntialiasingMask":251658240,"height":518,"hidden":false,"anchorPoint":{"pointX":0.5,"pointY":0.5}},"objectID":"695F7D66-8DE4-4692-9F39-17AD2BE19E3E","layers":[{"animations":[],"layers":[],"texturedRectangle":{"isBackgroundTexture":true,"singleTextureOpacity":1,"textureType":5,"textBaseline":0,"textXHeight":0,"isVerticalText":false},"initialState":{"affineTransform":[1,0,0,1,0,0],"masksToBounds":false,"rotation":0,"scale":1,"position":{"pointX":53.26324462890625,"pointY":257.84967041015625},"width":147,"sublayerTransform":[1,0,0,0,0,1,0,0,0,0,1,0,0,0,0,1],"contentsRect":{"y":0,"x":0,"width":1,"height":1},"opacity":1,"edgeAntialiasingMask":0,"height":518,"hidden":true,"anchorPoint":{"pointX":0.5,"pointY":0.5}},"texture":"C6F60C6EE450A664265165B6DF3F597B"}]}]}]}},{"effects":[{"beginTime":0,"baseLayer":{"animations":[],"initialState":{"affineTransform":[1,0,0,1,0,0],"masksToBounds":false,"rotation":0,"scale":1,"position":{"pointX":950,"pointY":590},"width":1900,"sublayerTransform":[1,0,0,0,0,1,0,0,0,0,1,0,0,0,0,1],"contentsRect":{"y":0,"x":0,"width":1,"height":1},"opacity":1,"edgeAntialiasingMask":251658240,"height":1180,"hidden":false,"anchorPoint":{"pointX":0.5,"pointY":0.5}},"objectID":"0","layers":[{"animations":[],"initialState":{"affineTransform":[1,0,0,1,0,0],"masksToBounds":false,"rotation":0,"scale":1,"position":{"pointX":950,"pointY":590},"width":1900,"sublayerTransform":[1,0,0,0,0,1,0,0,0,0,1,-0.00032041140223828868,0,0,0,1],"contentsRect":{"y":0,"x":0,"width":1,"height":1},"opacity":1,"edgeAntialiasingMask":251658240,"height":1180,"hidden":false,"anchorPoint":{"pointX":0.5,"pointY":0.5}},"layers":[{"animations":[{"timeOffset":0,"beginTime":0,"repeatCount":0,"animations":[{"timeOffset":0,"from":{"scalar":0},"beginTime":0,"repeatCount":0,"fillMode":"both","duration":1,"autoreverses":false,"timingFunction":"EaseInEaseOut","property":"zPosition","to":{"scalar":0}}],"fillMode":"both","autoreverses":false,"duration":1}],"initialState":{"affineTransform":[1,0,0,1,0,0],"masksToBounds":false,"rotation":0,"scale":1,"position":{"pointX":950,"pointY":590},"width":1900,"sublayerTransform":[1,0,0,0,0,1,0,0,0,0,1,0,0,0,0,1],"contentsRect":{"y":0,"x":0,"width":1,"height":1},"opacity":1,"edgeAntialiasingMask":251658240,"height":1180,"hidden":false,"anchorPoint":{"pointX":0.5,"pointY":0.5}},"layers":[{"animations":[],"layers":[],"texturedRectangle":{"isBackgroundTexture":true,"singleTextureOpacity":1,"textureType":1,"textBaseline":0,"textXHeight":0,"isVerticalText":false},"initialState":{"affineTransform":[1,0,0,1,0,0],"masksToBounds":false,"rotation":0,"scale":1,"position":{"pointX":950,"pointY":590},"width":1900,"sublayerTransform":[1,0,0,0,0,1,0,0,0,0,1,0,0,0,0,1],"contentsRect":{"y":0,"x":0,"width":1,"height":1},"opacity":1,"edgeAntialiasingMask":0,"height":1180,"hidden":false,"anchorPoint":{"pointX":0.5,"pointY":0.5}},"texture":"F98697E90F0E7F132168DD9768F98E4C"}]}]},{"animations":[{"timeOffset":0,"beginTime":0,"repeatCount":0,"animations":[{"timeOffset":0,"from":{"scalar":0.001},"beginTime":0,"repeatCount":0,"fillMode":"both","duration":1,"autoreverses":false,"timingFunction":"EaseInEaseOut","property":"zPosition","to":{"scalar":0.001}}],"fillMode":"both","autoreverses":false,"duration":1}],"initialState":{"affineTransform":[1,0,0,1,0,0],"masksToBounds":false,"rotation":0,"scale":1,"position":{"pointX":878.52667236328125,"pointY":549.26953125},"width":615.84375,"sublayerTransform":[1,0,0,0,0,1,0,0,0,0,1,0,0,0,0,1],"contentsRect":{"y":0,"x":0,"width":1,"height":1},"opacity":1,"edgeAntialiasingMask":251658240,"height":678.387939453125,"hidden":false,"anchorPoint":{"pointX":0.5,"pointY":0.5}},"layers":[{"animations":[{"timeOffset":0,"beginTime":0,"repeatCount":0,"animations":[{"timeOffset":0,"from":{"texture":"7FEAB8FB08776082195B6016B68FA712"},"beginTime":0,"repeatCount":0,"fillMode":"both","duration":1,"autoreverses":false,"timingFunction":"EaseInEaseOut","property":"contents","to":{"texture":"A1CA3FEE78A44C5AAEAD2C4774819651"}},{"timeOffset":0,"from":{"pointX":0,"pointY":0},"beginTime":0,"repeatCount":0,"fillMode":"both","duration":1,"autoreverses":false,"timingFunction":"EaseInEaseOut","property":"transform.translation","to":{"pointX":-12,"pointY":-74}}],"fillMode":"both","autoreverses":false,"duration":1}],"layers":[],"texturedRectangle":{"isBackgroundTexture":true,"singleTextureOpacity":1,"textureType":5,"textBaseline":0,"textXHeight":0,"isVerticalText":false},"initialState":{"affineTransform":[1,0,0,1,0,0],"masksToBounds":false,"rotation":0,"scale":1,"position":{"pointX":359.67430877685547,"pointY":339.19396209716797},"width":733,"sublayerTransform":[1,0,0,0,0,1,0,0,0,0,1,0,0,0,0,1],"contentsRect":{"y":0,"x":0,"width":1,"height":1},"opacity":1,"edgeAntialiasingMask":0,"height":692,"hidden":false,"anchorPoint":{"pointX":0.49969864412024106,"pointY":0.50038948500087499}},"texture":"7FEAB8FB08776082195B6016B68FA712"}]},{"animations":[{"timeOffset":0,"beginTime":0,"repeatCount":0,"animations":[{"timeOffset":0,"from":{"scalar":0.002},"beginTime":0,"repeatCount":0,"fillMode":"both","duration":1,"autoreverses":false,"timingFunction":"EaseInEaseOut","property":"zPosition","to":{"scalar":0.002}}],"fillMode":"both","autoreverses":false,"duration":1}],"initialState":{"affineTransform":[1,0,0,1,0,0],"masksToBounds":false,"rotation":0,"scale":1,"position":{"pointX":918.38990783691406,"pointY":1008.0937957763672},"width":215.26284790039062,"sublayerTransform":[1,0,0,0,0,1,0,0,0,0,1,0,0,0,0,1],"contentsRect":{"y":0,"x":0,"width":1,"height":1},"opacity":1,"edgeAntialiasingMask":251658240,"height":239.64901733398438,"hidden":false,"anchorPoint":{"pointX":0.5,"pointY":0.5}},"layers":[{"animations":[{"timeOffset":0,"beginTime":0,"repeatCount":0,"animations":[{"timeOffset":0,"from":{"scalar":0},"beginTime":0.66670000000000007,"repeatCount":0,"fillMode":"both","duration":0.33329999999999999,"autoreverses":false,"timingFunction":"EaseInEaseOut","property":"opacity","to":{"scalar":1}},{"timeOffset":0,"from":{"scalar":false},"beginTime":0.66670000000000007,"repeatCount":0,"fillMode":"forwards","property":"hidden","autoreverses":false,"duration":0.33329999999999993,"to":{"scalar":false}}],"fillMode":"both","autoreverses":false,"duration":1}],"layers":[],"texturedRectangle":{"singleTextureOpacity":1,"textXHeight":0,"shapePath":{"lineWidth":1,"flatness":0.59999999999999998,"lineCapStyle":0,"elements":[{"type":"MoveToPoint","points":[[52.167175263948479,8.269287109375]]},{"type":"AddLine","points":[[166.61264040987976,8.269287109375]]},{"type":"AddCurve","points":[[179.05781436198686,8.269287109375],[185.37689935952733,8.269287109375],[192.08913659742643,10.396506163707386]]},{"type":"AddCurve","points":[[199.43445079743879,13.069981893844783],[205.22063700263959,18.85616809904559],[207.89411273277699,26.201482299058057]]},{"type":"AddCurve","points":[[210.02133178710938,32.913719536957046],[210.02133178710938,39.232804534497518],[210.02133178710938,51.870974529578461]]},{"type":"AddLine","points":[[210.02133178710938,190.50961306612976]]},{"type":"AddCurve","points":[[210.02133178710938,202.95478701823686],[210.02133178710938,209.27387201577721],[207.89411273277699,215.98610925367643]]},{"type":"AddCurve","points":[[205.22063700263959,223.33142345368879],[199.43445079743879,229.11760965888971],[192.08913659742643,231.79108538902688]]},{"type":"AddCurve","points":[[185.37689935952733,233.91830444335938],[179.05781436198686,233.91830444335938],[166.41964436690591,233.91830444335938]]},{"type":"AddLine","points":[[52.167175263948479,233.91830444335938]]},{"type":"AddCurve","points":[[39.722001311841268,233.91830444335938],[33.402916314300796,233.91830444335938],[26.690679076401693,231.79108538902688]]},{"type":"AddCurve","points":[[19.34536487638934,229.11760965888971],[13.559178671188533,223.33142345368879],[10.885702941051136,215.98610925367643]]},{"type":"AddCurve","points":[[8.75848388671875,209.27387201577721],[8.75848388671875,202.95478701823686],[8.75848388671875,190.31661702315591]]},{"type":"AddLine","points":[[8.75848388671875,51.677978486604729]]},{"type":"AddCurve","points":[[8.75848388671875,39.232804534497518],[8.75848388671875,32.913719536957046],[10.885702941051136,26.201482299058057]]},{"type":"AddCurve","points":[[13.559178671188533,18.85616809904559],[19.34536487638934,13.069981893844783],[26.690679076401807,10.396506163707386]]},{"type":"AddCurve","points":[[33.402916314300796,8.269287109375],[39.722001311841268,8.269287109375],[52.360171306922211,8.269287109375]]},{"type":"CloseSubpath"},{"type":"MoveToPoint","points":[[52.167175263948479,8.269287109375]]}],"windingRule":0,"lineJoinStyle":0,"miterLimit":10},"isBackgroundTexture":true,"textBaseline":0,"isVerticalText":false,"textureType":5},"initialState":{"affineTransform":[1,0,0,1,0,0],"masksToBounds":false,"rotation":0,"scale":1,"position":{"pointX":107.63142395019531,"pointY":119.82450866699219},"width":219,"sublayerTransform":[1,0,0,0,0,1,0,0,0,0,1,0,0,0,0,1],"contentsRect":{"y":0,"x":0,"width":1,"height":1},"opacity":1,"edgeAntialiasingMask":0,"height":242,"hidden":true,"anchorPoint":{"pointX":0.49949729605896831,"pointY":0.500387585852757}},"texture":"C9B43AE9A93AB3A9E8AFC912C6C77A45"}]},{"animations":[{"timeOffset":0,"beginTime":0,"repeatCount":0,"animations":[{"timeOffset":0,"from":{"scalar":0.0030000000000000001},"beginTime":0,"repeatCount":0,"fillMode":"both","duration":1,"autoreverses":false,"timingFunction":"EaseInEaseOut","property":"zPosition","to":{"scalar":0.0030000000000000001}}],"fillMode":"both","autoreverses":false,"duration":1}],"initialState":{"affineTransform":[1,0,0,1,0,0],"masksToBounds":false,"rotation":0,"scale":1,"position":{"pointX":918.38990783691406,"pointY":1008.0937957763672},"width":215.26284790039062,"sublayerTransform":[1,0,0,0,0,1,0,0,0,0,1,0,0,0,0,1],"contentsRect":{"y":0,"x":0,"width":1,"height":1},"opacity":1,"edgeAntialiasingMask":251658240,"height":239.64901733398438,"hidden":false,"anchorPoint":{"pointX":0.5,"pointY":0.5}},"layers":[{"animations":[{"timeOffset":0,"beginTime":0,"repeatCount":0,"animations":[{"timeOffset":0,"from":{"scalar":0},"beginTime":0.66670000000000007,"repeatCount":0,"fillMode":"both","duration":0.33329999999999999,"autoreverses":false,"timingFunction":"EaseInEaseOut","property":"opacity","to":{"scalar":1}},{"timeOffset":0,"from":{"scalar":false},"beginTime":0.66670000000000007,"repeatCount":0,"fillMode":"forwards","property":"hidden","autoreverses":false,"duration":0.33329999999999993,"to":{"scalar":false}}],"fillMode":"both","autoreverses":false,"duration":1}],"layers":[],"texturedRectangle":{"singleTextureOpacity":1,"textXHeight":0.64624999999999999,"textBaseline":0.94072353420779109,"isBackgroundTexture":true,"isVerticalText":false,"textColor":[0.9999966025352478,0.99999994039535522,0.99999994039535522,1],"textureType":6},"initialState":{"affineTransform":[1,0,0,1,0,0],"masksToBounds":false,"rotation":0,"scale":1,"position":{"pointX":107.63142395019531,"pointY":119.82450866699219},"width":113,"sublayerTransform":[1,0,0,0,0,1,0,0,0,0,1,0,0,0,0,1],"contentsRect":{"y":0,"x":0,"width":1,"height":1},"opacity":1,"edgeAntialiasingMask":0,"height":44,"hidden":true,"anchorPoint":{"pointX":0.49017617554791204,"pointY":0.47940444946289062}},"texture":"7922D8ABEAAC28285B6EF2B52D265089"}]},{"animations":[{"timeOffset":0,"beginTime":0,"repeatCount":0,"animations":[{"timeOffset":0,"from":{"scalar":0.0040000000000000001},"beginTime":0,"repeatCount":0,"fillMode":"both","duration":1,"autoreverses":false,"timingFunction":"EaseInEaseOut","property":"zPosition","to":{"scalar":0.0040000000000000001}}],"fillMode":"both","autoreverses":false,"duration":1}],"initialState":{"affineTransform":[1,0,0,1,0,0],"masksToBounds":false,"rotation":0,"scale":1,"position":{"pointX":595.324951171875,"pointY":862.9647216796875},"width":112,"sublayerTransform":[1,0,0,0,0,1,0,0,0,0,1,0,0,0,0,1],"contentsRect":{"y":0,"x":0,"width":1,"height":1},"opacity":1,"edgeAntialiasingMask":251658240,"height":112,"hidden":false,"anchorPoint":{"pointX":0.5,"pointY":0.5}},"layers":[{"animations":[{"timeOffset":0,"beginTime":0,"repeatCount":0,"animations":[{"timeOffset":0,"from":{"texture":"6763EFF4A3B07C7253E2CDB2B13DC697"},"beginTime":0,"repeatCount":0,"fillMode":"both","duration":1,"autoreverses":false,"timingFunction":"EaseInEaseOut","property":"contents","to":{"texture":"908AE8F7A88DBC5765A87F9CC245305F"}},{"timeOffset":0,"from":{"pointX":0,"pointY":0},"beginTime":0,"repeatCount":0,"fillMode":"both","duration":1,"autoreverses":false,"timingFunction":"EaseInEaseOut","property":"transform.translation","to":{"pointX":-12,"pointY":-74}}],"fillMode":"both","autoreverses":false,"duration":1}],"layers":[],"texturedRectangle":{"singleTextureOpacity":1,"textXHeight":0,"shapePath":{"lineWidth":1,"flatness":0.59999999999999998,"lineCapStyle":0,"elements":[{"type":"MoveToPoint","points":[[92.680290222167969,22.609382629394531]]},{"type":"AddCurve","points":[[112.20650482177734,42.135597229003906],[112.20650482177734,73.793846130371094],[92.680290222167969,93.320060729980469]]},{"type":"AddCurve","points":[[73.154075622558594,112.84627532958984],[41.495826721191406,112.84627532958984],[21.969612121582031,93.320060729980469]]},{"type":"AddCurve","points":[[2.4433975219726562,73.793846130371094],[2.4433975219726562,42.135597229003906],[21.969612121582031,22.609382629394531]]},{"type":"AddCurve","points":[[41.495826721191406,3.0831680297851562],[73.154075622558594,3.0831680297851562],[92.680290222167969,22.609382629394531]]},{"type":"CloseSubpath"},{"type":"MoveToPoint","points":[[92.680290222167969,22.609382629394531]]}],"windingRule":0,"lineJoinStyle":0,"miterLimit":10},"isBackgroundTexture":true,"textBaseline":0,"isVerticalText":false,"textureType":5},"initialState":{"affineTransform":[1,0,0,1,0,0],"masksToBounds":false,"rotation":0,"scale":1,"position":{"pointX":56,"pointY":56},"width":115,"sublayerTransform":[1,0,0,0,0,1,0,0,0,0,1,0,0,0,0,1],"contentsRect":{"y":0,"x":0,"width":1,"height":1},"opacity":1,"edgeAntialiasingMask":0,"height":115,"hidden":false,"anchorPoint":{"pointX":0.4984778362771739,"pointY":0.50404105808423916}},"texture":"6763EFF4A3B07C7253E2CDB2B13DC697"}]},{"animations":[{"timeOffset":0,"beginTime":0,"repeatCount":0,"animations":[{"timeOffset":0,"from":{"scalar":0.0050000000000000001},"beginTime":0,"repeatCount":0,"fillMode":"both","duration":1,"autoreverses":false,"timingFunction":"EaseInEaseOut","property":"zPosition","to":{"scalar":0.0050000000000000001}}],"fillMode":"both","autoreverses":false,"duration":1}],"initialState":{"affineTransform":[1,0,0,1,0,0],"masksToBounds":false,"rotation":0,"scale":1,"position":{"pointX":1268.173828125,"pointY":862.9647216796875},"width":112,"sublayerTransform":[1,0,0,0,0,1,0,0,0,0,1,0,0,0,0,1],"contentsRect":{"y":0,"x":0,"width":1,"height":1},"opacity":1,"edgeAntialiasingMask":251658240,"height":112,"hidden":false,"anchorPoint":{"pointX":0.5,"pointY":0.5}},"layers":[{"animations":[{"timeOffset":0,"beginTime":0,"repeatCount":0,"animations":[{"timeOffset":0,"from":{"texture":"3874729FE18DBE5E9C341F67DF2730B1"},"beginTime":0,"repeatCount":0,"fillMode":"both","duration":1,"autoreverses":false,"timingFunction":"EaseInEaseOut","property":"contents","to":{"texture":"303782521035EC56592A28AF1CDD8634"}},{"timeOffset":0,"from":{"pointX":0,"pointY":0},"beginTime":0,"repeatCount":0,"fillMode":"both","duration":1,"autoreverses":false,"timingFunction":"EaseInEaseOut","property":"transform.translation","to":{"pointX":-12,"pointY":-74}}],"fillMode":"both","autoreverses":false,"duration":1}],"layers":[],"texturedRectangle":{"singleTextureOpacity":1,"textXHeight":0,"shapePath":{"lineWidth":1,"flatness":0.59999999999999998,"lineCapStyle":0,"elements":[{"type":"MoveToPoint","points":[[92.529167175292969,22.609382629394531]]},{"type":"AddCurve","points":[[112.05538177490234,42.135597229003906],[112.05538177490234,73.793846130371094],[92.529167175292969,93.320060729980469]]},{"type":"AddCurve","points":[[73.002952575683594,112.84627532958984],[41.344703674316406,112.84627532958984],[21.818489074707031,93.320060729980469]]},{"type":"AddCurve","points":[[2.2922744750976562,73.793846130371094],[2.2922744750976562,42.135597229003906],[21.818489074707031,22.609382629394531]]},{"type":"AddCurve","points":[[41.344703674316406,3.0831680297851562],[73.002952575683594,3.0831680297851562],[92.529167175292969,22.609382629394531]]},{"type":"CloseSubpath"},{"type":"MoveToPoint","points":[[92.529167175292969,22.609382629394531]]}],"windingRule":0,"lineJoinStyle":0,"miterLimit":10},"isBackgroundTexture":true,"textBaseline":0,"isVerticalText":false,"textureType":5},"initialState":{"affineTransform":[1,0,0,1,0,0],"masksToBounds":false,"rotation":0,"scale":1,"position":{"pointX":56,"pointY":56},"width":115,"sublayerTransform":[1,0,0,0,0,1,0,0,0,0,1,0,0,0,0,1],"contentsRect":{"y":0,"x":0,"width":1,"height":1},"opacity":1,"edgeAntialiasingMask":0,"height":115,"hidden":false,"anchorPoint":{"pointX":0.49716372282608695,"pointY":0.50404105808423916}},"texture":"3874729FE18DBE5E9C341F67DF2730B1"}]},{"animations":[{"timeOffset":0,"beginTime":0,"repeatCount":0,"animations":[{"timeOffset":0,"from":{"scalar":0.0060000000000000001},"beginTime":0,"repeatCount":0,"fillMode":"both","duration":1,"autoreverses":false,"timingFunction":"EaseInEaseOut","property":"zPosition","to":{"scalar":0.0060000000000000001}}],"fillMode":"both","autoreverses":false,"duration":1}],"initialState":{"affineTransform":[1,0,0,1,0,0],"masksToBounds":false,"rotation":0,"scale":1,"position":{"pointX":814.95465087890625,"pointY":567.198974609375},"width":201.309814453125,"sublayerTransform":[1,0,0,0,0,1,0,0,0,0,1,0,0,0,0,1],"contentsRect":{"y":0,"x":0,"width":1,"height":1},"opacity":1,"edgeAntialiasingMask":251658240,"height":512.0972900390625,"hidden":false,"anchorPoint":{"pointX":0.5,"pointY":0.5}},"layers":[{"animations":[{"timeOffset":0,"beginTime":0,"repeatCount":0,"animations":[{"timeOffset":0,"from":{"scalar":1},"beginTime":0,"repeatCount":0,"fillMode":"forwards","duration":0.33329999999999999,"autoreverses":false,"timingFunction":"EaseInEaseOut","property":"opacity","to":{"scalar":0}},{"timeOffset":0,"from":{"scalar":true},"beginTime":0.33329999999999999,"repeatCount":0,"fillMode":"forwards","property":"hidden","autoreverses":false,"duration":0.66670000000000007,"to":{"scalar":true}}],"fillMode":"both","autoreverses":false,"duration":1}],"layers":[],"texturedRectangle":{"isBackgroundTexture":true,"singleTextureOpacity":1,"textureType":5,"textBaseline":0,"textXHeight":0,"isVerticalText":false},"initialState":{"affineTransform":[1,0,0,1,0,0],"masksToBounds":false,"rotation":0,"scale":1,"position":{"pointX":100.65491104125977,"pointY":256.04864120483398},"width":242,"sublayerTransform":[1,0,0,0,0,1,0,0,0,0,1,0,0,0,0,1],"contentsRect":{"y":0,"x":0,"width":1,"height":1},"opacity":1,"edgeAntialiasingMask":0,"height":515,"hidden":false,"anchorPoint":{"pointX":0.49981262270084098,"pointY":0.49941547727121888}},"texture":"11679D73C6B50DFF1CF6C1196ED48EA8"}]},{"animations":[{"timeOffset":0,"beginTime":0,"repeatCount":0,"animations":[{"timeOffset":0,"from":{"scalar":0.0070000000000000001},"beginTime":0,"repeatCount":0,"fillMode":"both","duration":1,"autoreverses":false,"timingFunction":"EaseInEaseOut","property":"zPosition","to":{"scalar":0.0070000000000000001}}],"fillMode":"both","autoreverses":false,"duration":1}],"initialState":{"affineTransform":[1,0,0,1,0,0],"masksToBounds":false,"rotation":0,"scale":1,"position":{"pointX":1042.3072814941406,"pointY":568.698974609375},"width":106.14105224609375,"sublayerTransform":[1,0,0,0,0,1,0,0,0,0,1,0,0,0,0,1],"contentsRect":{"y":0,"x":0,"width":1,"height":1},"opacity":1,"edgeAntialiasingMask":251658240,"height":515.0972900390625,"hidden":false,"anchorPoint":{"pointX":0.5,"pointY":0.5}},"layers":[{"animations":[{"timeOffset":0,"beginTime":0,"repeatCount":0,"animations":[{"timeOffset":0,"from":{"scalar":1},"beginTime":0,"repeatCount":0,"fillMode":"forwards","duration":0.33329999999999999,"autoreverses":false,"timingFunction":"EaseInEaseOut","property":"opacity","to":{"scalar":0}},{"timeOffset":0,"from":{"scalar":true},"beginTime":0.33329999999999999,"repeatCount":0,"fillMode":"forwards","property":"hidden","autoreverses":false,"duration":0.66670000000000007,"to":{"scalar":true}}],"fillMode":"both","autoreverses":false,"duration":1}],"layers":[],"texturedRectangle":{"isBackgroundTexture":true,"singleTextureOpacity":1,"textureType":5,"textBaseline":0,"textXHeight":0,"isVerticalText":false},"initialState":{"affineTransform":[1,0,0,1,0,0],"masksToBounds":false,"rotation":0,"scale":1,"position":{"pointX":53.070526123046875,"pointY":257.54864120483398},"width":147,"sublayerTransform":[1,0,0,0,0,1,0,0,0,0,1,0,0,0,0,1],"contentsRect":{"y":0,"x":0,"width":1,"height":1},"opacity":1,"edgeAntialiasingMask":0,"height":518,"hidden":false,"anchorPoint":{"pointX":0.49868898975605869,"pointY":0.4994188625379879}},"texture":"C6F60C6EE450A664265165B6DF3F597B"}]}]},"effects":[],"duration":1,"type":"transition","name":"apple:magic-move-implied-motion-path","objectID":"0"}],"automaticPlay":false,"hyperlinks":[],"accessibility":[],"baseLayer":{"animations":[],"initialState":{"affineTransform":[1,0,0,1,0,0],"masksToBounds":false,"rotation":0,"scale":1,"position":{"pointX":950,"pointY":590},"width":1900,"sublayerTransform":[1,0,0,0,0,1,0,0,0,0,1,0,0,0,0,1],"contentsRect":{"y":0,"x":0,"width":1,"height":1},"opacity":1,"edgeAntialiasingMask":251658240,"height":1180,"hidden":false,"anchorPoint":{"pointX":0.5,"pointY":0.5}},"objectID":"0","layers":[{"animations":[],"initialState":{"affineTransform":[1,0,0,1,0,0],"masksToBounds":false,"rotation":0,"scale":1,"position":{"pointX":950,"pointY":590},"width":1900,"sublayerTransform":[1,0,0,0,0,1,0,0,0,0,1,-0.00032041140223828868,0,0,0,1],"contentsRect":{"y":0,"x":0,"width":1,"height":1},"opacity":1,"edgeAntialiasingMask":251658240,"height":1180,"hidden":false,"anchorPoint":{"pointX":0.5,"pointY":0.5}},"layers":[{"animations":[],"initialState":{"affineTransform":[1,0,0,1,0,0],"masksToBounds":false,"rotation":0,"scale":1,"position":{"pointX":950,"pointY":590},"width":1900,"sublayerTransform":[1,0,0,0,0,1,0,0,0,0,1,0,0,0,0,1],"contentsRect":{"y":0,"x":0,"width":1,"height":1},"opacity":1,"edgeAntialiasingMask":251658240,"height":1180,"hidden":false,"anchorPoint":{"pointX":0.5,"pointY":0.5}},"layers":[{"animations":[],"layers":[],"texturedRectangle":{"isBackgroundTexture":true,"singleTextureOpacity":1,"textureType":1,"textBaseline":0,"textXHeight":0,"isVerticalText":false},"initialState":{"affineTransform":[1,0,0,1,0,0],"masksToBounds":false,"rotation":0,"scale":1,"position":{"pointX":950,"pointY":590},"width":1900,"sublayerTransform":[1,0,0,0,0,1,0,0,0,0,1,0,0,0,0,1],"contentsRect":{"y":0,"x":0,"width":1,"height":1},"opacity":1,"edgeAntialiasingMask":0,"height":1180,"hidden":false,"anchorPoint":{"pointX":0.5,"pointY":0.5}},"texture":"F98697E90F0E7F132168DD9768F98E4C"}]}]},{"animations":[],"initialState":{"affineTransform":[1,0,0,1,0,0],"masksToBounds":false,"rotation":0,"scale":1,"position":{"pointX":878.52667236328125,"pointY":549.26953125},"width":615.84375,"sublayerTransform":[1,0,0,0,0,1,0,0,0,0,1,0,0,0,0,1],"contentsRect":{"y":0,"x":0,"width":1,"height":1},"opacity":1,"edgeAntialiasingMask":251658240,"height":678.387939453125,"hidden":false,"anchorPoint":{"pointX":0.5,"pointY":0.5}},"layers":[{"animations":[],"layers":[],"texturedRectangle":{"isBackgroundTexture":true,"singleTextureOpacity":1,"textureType":5,"textBaseline":0,"textXHeight":0,"isVerticalText":false},"initialState":{"affineTransform":[1,0,0,1,0,0],"masksToBounds":false,"rotation":0,"scale":1,"position":{"pointX":359.67430877685547,"pointY":339.19396209716797},"width":733,"sublayerTransform":[1,0,0,0,0,1,0,0,0,0,1,0,0,0,0,1],"contentsRect":{"y":0,"x":0,"width":1,"height":1},"opacity":1,"edgeAntialiasingMask":0,"height":692,"hidden":false,"anchorPoint":{"pointX":0.49969864412024106,"pointY":0.50038948500087499}},"texture":"7FEAB8FB08776082195B6016B68FA712"}]},{"animations":[],"initialState":{"affineTransform":[1,0,0,1,0,0],"masksToBounds":false,"rotation":0,"scale":1,"position":{"pointX":918.38990783691406,"pointY":1008.0937957763672},"width":215.26284790039062,"sublayerTransform":[1,0,0,0,0,1,0,0,0,0,1,0,0,0,0,1],"contentsRect":{"y":0,"x":0,"width":1,"height":1},"opacity":1,"edgeAntialiasingMask":251658240,"height":239.64901733398438,"hidden":false,"anchorPoint":{"pointX":0.5,"pointY":0.5}},"layers":[{"animations":[],"layers":[],"texturedRectangle":{"singleTextureOpacity":1,"textXHeight":0,"shapePath":{"lineWidth":1,"flatness":0.59999999999999998,"lineCapStyle":0,"elements":[{"type":"MoveToPoint","points":[[52.167175263948479,8.269287109375]]},{"type":"AddLine","points":[[166.61264040987976,8.269287109375]]},{"type":"AddCurve","points":[[179.05781436198686,8.269287109375],[185.37689935952733,8.269287109375],[192.08913659742643,10.396506163707386]]},{"type":"AddCurve","points":[[199.43445079743879,13.069981893844783],[205.22063700263959,18.85616809904559],[207.89411273277699,26.201482299058057]]},{"type":"AddCurve","points":[[210.02133178710938,32.913719536957046],[210.02133178710938,39.232804534497518],[210.02133178710938,51.870974529578461]]},{"type":"AddLine","points":[[210.02133178710938,190.50961306612976]]},{"type":"AddCurve","points":[[210.02133178710938,202.95478701823686],[210.02133178710938,209.27387201577721],[207.89411273277699,215.98610925367643]]},{"type":"AddCurve","points":[[205.22063700263959,223.33142345368879],[199.43445079743879,229.11760965888971],[192.08913659742643,231.79108538902688]]},{"type":"AddCurve","points":[[185.37689935952733,233.91830444335938],[179.05781436198686,233.91830444335938],[166.41964436690591,233.91830444335938]]},{"type":"AddLine","points":[[52.167175263948479,233.91830444335938]]},{"type":"AddCurve","points":[[39.722001311841268,233.91830444335938],[33.402916314300796,233.91830444335938],[26.690679076401693,231.79108538902688]]},{"type":"AddCurve","points":[[19.34536487638934,229.11760965888971],[13.559178671188533,223.33142345368879],[10.885702941051136,215.98610925367643]]},{"type":"AddCurve","points":[[8.75848388671875,209.27387201577721],[8.75848388671875,202.95478701823686],[8.75848388671875,190.31661702315591]]},{"type":"AddLine","points":[[8.75848388671875,51.677978486604729]]},{"type":"AddCurve","points":[[8.75848388671875,39.232804534497518],[8.75848388671875,32.913719536957046],[10.885702941051136,26.201482299058057]]},{"type":"AddCurve","points":[[13.559178671188533,18.85616809904559],[19.34536487638934,13.069981893844783],[26.690679076401807,10.396506163707386]]},{"type":"AddCurve","points":[[33.402916314300796,8.269287109375],[39.722001311841268,8.269287109375],[52.360171306922211,8.269287109375]]},{"type":"CloseSubpath"},{"type":"MoveToPoint","points":[[52.167175263948479,8.269287109375]]}],"windingRule":0,"lineJoinStyle":0,"miterLimit":10},"isBackgroundTexture":true,"textBaseline":0,"isVerticalText":false,"textureType":5},"initialState":{"affineTransform":[1,0,0,1,0,0],"masksToBounds":false,"rotation":0,"scale":1,"position":{"pointX":107.63142395019531,"pointY":119.82450866699219},"width":219,"sublayerTransform":[1,0,0,0,0,1,0,0,0,0,1,0,0,0,0,1],"contentsRect":{"y":0,"x":0,"width":1,"height":1},"opacity":1,"edgeAntialiasingMask":0,"height":242,"hidden":true,"anchorPoint":{"pointX":0.49949729605896831,"pointY":0.500387585852757}},"texture":"C9B43AE9A93AB3A9E8AFC912C6C77A45"}]},{"animations":[],"initialState":{"affineTransform":[1,0,0,1,0,0],"masksToBounds":false,"rotation":0,"scale":1,"position":{"pointX":918.38990783691406,"pointY":1008.0937957763672},"width":215.26284790039062,"sublayerTransform":[1,0,0,0,0,1,0,0,0,0,1,0,0,0,0,1],"contentsRect":{"y":0,"x":0,"width":1,"height":1},"opacity":1,"edgeAntialiasingMask":251658240,"height":239.64901733398438,"hidden":false,"anchorPoint":{"pointX":0.5,"pointY":0.5}},"layers":[{"animations":[],"layers":[],"texturedRectangle":{"singleTextureOpacity":1,"textXHeight":0.64624999999999999,"textBaseline":0.94072353420779109,"isBackgroundTexture":true,"isVerticalText":false,"textColor":[0.9999966025352478,0.99999994039535522,0.99999994039535522,1],"textureType":6},"initialState":{"affineTransform":[1,0,0,1,0,0],"masksToBounds":false,"rotation":0,"scale":1,"position":{"pointX":107.63142395019531,"pointY":119.82450866699219},"width":113,"sublayerTransform":[1,0,0,0,0,1,0,0,0,0,1,0,0,0,0,1],"contentsRect":{"y":0,"x":0,"width":1,"height":1},"opacity":1,"edgeAntialiasingMask":0,"height":44,"hidden":true,"anchorPoint":{"pointX":0.49017617554791204,"pointY":0.47940444946289062}},"texture":"7922D8ABEAAC28285B6EF2B52D265089"}]},{"animations":[],"initialState":{"affineTransform":[1,0,0,1,0,0],"masksToBounds":false,"rotation":0,"scale":1,"position":{"pointX":595.324951171875,"pointY":862.9647216796875},"width":112,"sublayerTransform":[1,0,0,0,0,1,0,0,0,0,1,0,0,0,0,1],"contentsRect":{"y":0,"x":0,"width":1,"height":1},"opacity":1,"edgeAntialiasingMask":251658240,"height":112,"hidden":false,"anchorPoint":{"pointX":0.5,"pointY":0.5}},"layers":[{"animations":[],"layers":[],"texturedRectangle":{"singleTextureOpacity":1,"textXHeight":0,"shapePath":{"lineWidth":1,"flatness":0.59999999999999998,"lineCapStyle":0,"elements":[{"type":"MoveToPoint","points":[[92.680290222167969,22.609382629394531]]},{"type":"AddCurve","points":[[112.20650482177734,42.135597229003906],[112.20650482177734,73.793846130371094],[92.680290222167969,93.320060729980469]]},{"type":"AddCurve","points":[[73.154075622558594,112.84627532958984],[41.495826721191406,112.84627532958984],[21.969612121582031,93.320060729980469]]},{"type":"AddCurve","points":[[2.4433975219726562,73.793846130371094],[2.4433975219726562,42.135597229003906],[21.969612121582031,22.609382629394531]]},{"type":"AddCurve","points":[[41.495826721191406,3.0831680297851562],[73.154075622558594,3.0831680297851562],[92.680290222167969,22.609382629394531]]},{"type":"CloseSubpath"},{"type":"MoveToPoint","points":[[92.680290222167969,22.609382629394531]]}],"windingRule":0,"lineJoinStyle":0,"miterLimit":10},"isBackgroundTexture":true,"textBaseline":0,"isVerticalText":false,"textureType":5},"initialState":{"affineTransform":[1,0,0,1,0,0],"masksToBounds":false,"rotation":0,"scale":1,"position":{"pointX":56,"pointY":56},"width":115,"sublayerTransform":[1,0,0,0,0,1,0,0,0,0,1,0,0,0,0,1],"contentsRect":{"y":0,"x":0,"width":1,"height":1},"opacity":1,"edgeAntialiasingMask":0,"height":115,"hidden":false,"anchorPoint":{"pointX":0.4984778362771739,"pointY":0.50404105808423916}},"texture":"6763EFF4A3B07C7253E2CDB2B13DC697"}]},{"animations":[],"initialState":{"affineTransform":[1,0,0,1,0,0],"masksToBounds":false,"rotation":0,"scale":1,"position":{"pointX":1268.173828125,"pointY":862.9647216796875},"width":112,"sublayerTransform":[1,0,0,0,0,1,0,0,0,0,1,0,0,0,0,1],"contentsRect":{"y":0,"x":0,"width":1,"height":1},"opacity":1,"edgeAntialiasingMask":251658240,"height":112,"hidden":false,"anchorPoint":{"pointX":0.5,"pointY":0.5}},"layers":[{"animations":[],"layers":[],"texturedRectangle":{"singleTextureOpacity":1,"textXHeight":0,"shapePath":{"lineWidth":1,"flatness":0.59999999999999998,"lineCapStyle":0,"elements":[{"type":"MoveToPoint","points":[[92.529167175292969,22.609382629394531]]},{"type":"AddCurve","points":[[112.05538177490234,42.135597229003906],[112.05538177490234,73.793846130371094],[92.529167175292969,93.320060729980469]]},{"type":"AddCurve","points":[[73.002952575683594,112.84627532958984],[41.344703674316406,112.84627532958984],[21.818489074707031,93.320060729980469]]},{"type":"AddCurve","points":[[2.2922744750976562,73.793846130371094],[2.2922744750976562,42.135597229003906],[21.818489074707031,22.609382629394531]]},{"type":"AddCurve","points":[[41.344703674316406,3.0831680297851562],[73.002952575683594,3.0831680297851562],[92.529167175292969,22.609382629394531]]},{"type":"CloseSubpath"},{"type":"MoveToPoint","points":[[92.529167175292969,22.609382629394531]]}],"windingRule":0,"lineJoinStyle":0,"miterLimit":10},"isBackgroundTexture":true,"textBaseline":0,"isVerticalText":false,"textureType":5},"initialState":{"affineTransform":[1,0,0,1,0,0],"masksToBounds":false,"rotation":0,"scale":1,"position":{"pointX":56,"pointY":56},"width":115,"sublayerTransform":[1,0,0,0,0,1,0,0,0,0,1,0,0,0,0,1],"contentsRect":{"y":0,"x":0,"width":1,"height":1},"opacity":1,"edgeAntialiasingMask":0,"height":115,"hidden":false,"anchorPoint":{"pointX":0.49716372282608695,"pointY":0.50404105808423916}},"texture":"3874729FE18DBE5E9C341F67DF2730B1"}]},{"animations":[],"initialState":{"affineTransform":[1,0,0,1,0,0],"masksToBounds":false,"rotation":0,"scale":1,"position":{"pointX":814.95465087890625,"pointY":567.198974609375},"width":201.309814453125,"sublayerTransform":[1,0,0,0,0,1,0,0,0,0,1,0,0,0,0,1],"contentsRect":{"y":0,"x":0,"width":1,"height":1},"opacity":1,"edgeAntialiasingMask":251658240,"height":512.0972900390625,"hidden":false,"anchorPoint":{"pointX":0.5,"pointY":0.5}},"layers":[{"animations":[],"layers":[],"texturedRectangle":{"isBackgroundTexture":true,"singleTextureOpacity":1,"textureType":5,"textBaseline":0,"textXHeight":0,"isVerticalText":false},"initialState":{"affineTransform":[1,0,0,1,0,0],"masksToBounds":false,"rotation":0,"scale":1,"position":{"pointX":100.65491104125977,"pointY":256.04864120483398},"width":242,"sublayerTransform":[1,0,0,0,0,1,0,0,0,0,1,0,0,0,0,1],"contentsRect":{"y":0,"x":0,"width":1,"height":1},"opacity":1,"edgeAntialiasingMask":0,"height":515,"hidden":false,"anchorPoint":{"pointX":0.49981262270084098,"pointY":0.49941547727121888}},"texture":"11679D73C6B50DFF1CF6C1196ED48EA8"}]},{"animations":[],"initialState":{"affineTransform":[1,0,0,1,0,0],"masksToBounds":false,"rotation":0,"scale":1,"position":{"pointX":1042.3072814941406,"pointY":568.698974609375},"width":106.14105224609375,"sublayerTransform":[1,0,0,0,0,1,0,0,0,0,1,0,0,0,0,1],"contentsRect":{"y":0,"x":0,"width":1,"height":1},"opacity":1,"edgeAntialiasingMask":251658240,"height":515.0972900390625,"hidden":false,"anchorPoint":{"pointX":0.5,"pointY":0.5}},"layers":[{"animations":[],"layers":[],"texturedRectangle":{"isBackgroundTexture":true,"singleTextureOpacity":1,"textureType":5,"textBaseline":0,"textXHeight":0,"isVerticalText":false},"initialState":{"affineTransform":[1,0,0,1,0,0],"masksToBounds":false,"rotation":0,"scale":1,"position":{"pointX":53.070526123046875,"pointY":257.54864120483398},"width":147,"sublayerTransform":[1,0,0,0,0,1,0,0,0,0,1,0,0,0,0,1],"contentsRect":{"y":0,"x":0,"width":1,"height":1},"opacity":1,"edgeAntialiasingMask":0,"height":518,"hidden":false,"anchorPoint":{"pointX":0.49868898975605869,"pointY":0.4994188625379879}},"texture":"C6F60C6EE450A664265165B6DF3F597B"}]}]}}]}