{"assets":{"9E3DE5E6F4352A76DD07373F8569FF68":{"type":"texture","index":5,"assetRequest":{"type":"slide","state":"contents","slide":"none"},"url":{"native":"assets\/D23B71DF-640E-4DB9-9CF5-584088C47A09.pdf"},"width":216,"height":216},"C2EA6E625B7C0CC1937654A00748F9A8":{"type":"texture","index":10,"assetRequest":{"type":"slide","state":"contents","slide":"none"},"url":{"native":"assets\/D23B71DF-640E-4DB9-9CF5-584088C47A09.pdf"},"width":219,"height":243},"6B9E826454C92BFE75159D5AC3EC7799":{"type":"texture","index":6,"assetRequest":{"type":"slide","state":"contents","slide":"none"},"url":{"native":"assets\/D23B71DF-640E-4DB9-9CF5-584088C47A09.pdf"},"width":223,"height":223},"A1CA3FEE78A44C5AAEAD2C4774819651":{"type":"texture","index":1,"assetRequest":{"type":"slide","state":"contents","slide":"none"},"url":{"native":"assets\/D23B71DF-640E-4DB9-9CF5-584088C47A09.pdf"},"width":733,"height":692},"8DD8A8AFCC162AF0FD1FA7284482DA42":{"type":"texture","index":2,"assetRequest":{"type":"slide","state":"contents","slide":"none"},"url":{"native":"assets\/D23B71DF-640E-4DB9-9CF5-584088C47A09.pdf"},"width":219,"height":242},"0687A7B70C65715B9BB10CAF09D656A7":{"type":"texture","index":8,"assetRequest":{"type":"slide","state":"contents","slide":"none"},"url":{"native":"assets\/D23B71DF-640E-4DB9-9CF5-584088C47A09.pdf"},"width":275,"height":41},"379D323DFC629C24780FFC1552833D85":{"type":"texture","index":9,"assetRequest":{"type":"slide","state":"contents","slide":"none"},"url":{"native":"assets\/D23B71DF-640E-4DB9-9CF5-584088C47A09.pdf"},"width":760,"height":58},"F98697E90F0E7F132168DD9768F98E4C":{"type":"texture","index":0,"assetRequest":{"type":"slide","state":"contents","slide":"none"},"url":{"native":"assets\/D23B71DF-640E-4DB9-9CF5-584088C47A09.pdf"},"width":1900,"height":1180},"908AE8F7A88DBC5765A87F9CC245305F":{"type":"texture","index":3,"assetRequest":{"type":"slide","state":"contents","slide":"none"},"url":{"native":"assets\/D23B71DF-640E-4DB9-9CF5-584088C47A09.pdf"},"width":115,"height":115},"9D3A4F29675AD14F63B86DA014FA4360":{"type":"texture","index":7,"assetRequest":{"type":"slide","state":"contents","slide":"none"},"url":{"native":"assets\/D23B71DF-640E-4DB9-9CF5-584088C47A09.pdf"},"width":266,"height":42},"303782521035EC56592A28AF1CDD8634":{"type":"texture","index":4,"assetRequest":{"type":"slide","state":"contents","slide":"none"},"url":{"native":"assets\/D23B71DF-640E-4DB9-9CF5-584088C47A09.pdf"},"width":115,"height":115}},"events":[{"effects":[{"beginTime":0,"baseLayer":{"animations":[],"initialState":{"affineTransform":[1,0,0,1,0,0],"masksToBounds":false,"rotation":0,"scale":1,"position":{"pointX":702.84270115984668,"pointY":944.56029149187805},"width":216,"sublayerTransform":[1,0,0,0,0,1,0,0,0,0,1,0,0,0,0,1],"contentsRect":{"y":0,"x":0,"width":1,"height":1},"opacity":1,"edgeAntialiasingMask":251658240,"height":216,"hidden":false,"anchorPoint":{"pointX":0.5,"pointY":0.5}},"objectID":"970FE2BA-94E1-43C3-8634-28A81A5E8EA8","layers":[{"animations":[],"initialState":{"affineTransform":[1,0,0,1,0,0],"masksToBounds":false,"rotation":0,"scale":1,"position":{"pointX":355.15729884015332,"pointY":-246.56029149187805},"width":216,"sublayerTransform":[1,0,0,0,0,1,0,0,0,0,1,-0.00032041140223828868,0,0,0,1],"contentsRect":{"y":0,"x":0,"width":1,"height":1},"opacity":1,"edgeAntialiasingMask":251658240,"height":216,"hidden":false,"anchorPoint":{"pointX":1.6442467538895986,"pointY":-1.1414828309809169}},"layers":[{"animations":[{"timeOffset":0,"beginTime":1e-100,"repeatCount":0,"animations":[{"timeOffset":0,"from":{"scalar":0},"beginTime":0,"repeatCount":0,"fillMode":"both","duration":0.69999999999999996,"autoreverses":false,"timingFunction":"EaseInEaseOut","property":"opacity","to":{"scalar":1}},{"timeOffset":0,"from":{"scalar":false},"beginTime":0,"repeatCount":0,"fillMode":"forwards","property":"hidden","autoreverses":false,"duration":0.69999999999999996,"to":{"scalar":false}}],"fillMode":"both","autoreverses":false,"duration":0.69999999999999996}],"layers":[],"texturedRectangle":{"singleTextureOpacity":1,"textXHeight":0,"shapePath":{"lineWidth":1,"flatness":0.59999999999999998,"lineCapStyle":0,"elements":[{"type":"MoveToPoint","points":[[15.419151358628483,15.136741690659733]]},{"type":"AddLine","points":[[173.80892974666085,173.5265200786921]]},{"type":"AddLine","points":[[177.3444636525935,177.06205398462487]]}],"windingRule":0,"lineJoinStyle":0,"miterLimit":10},"isBackgroundTexture":true,"textBaseline":0,"isVerticalText":false,"textureType":5},"initialState":{"affineTransform":[1,0,0,1,0,0],"masksToBounds":false,"rotation":0,"scale":1,"position":{"pointX":106.15729884015332,"pointY":106.43970850812195},"width":216,"sublayerTransform":[1,0,0,0,0,1,0,0,0,0,1,0,0,0,0,1],"contentsRect":{"y":0,"x":0,"width":1,"height":1},"opacity":1,"edgeAntialiasingMask":0,"height":216,"hidden":true,"anchorPoint":{"pointX":0.5,"pointY":0.5}},"texture":"9E3DE5E6F4352A76DD07373F8569FF68"}]}]},"effects":[],"duration":0.69999999999999996,"type":"buildIn","attributes":{"direction":21},"name":"apple:wipe","objectID":"970FE2BA-94E1-43C3-8634-28A81A5E8EA8"}],"automaticPlay":false,"hyperlinks":[],"accessibility":[{"text":"Bloc","targetRectangle":{"y":973.92195635475218,"x":860.79848388671871,"width":115.17000000000007,"height":66.404617309570312}}],"baseLayer":{"animations":[],"initialState":{"affineTransform":[1,0,0,1,0,0],"masksToBounds":false,"rotation":0,"scale":1,"position":{"pointX":950,"pointY":590},"width":1900,"sublayerTransform":[1,0,0,0,0,1,0,0,0,0,1,0,0,0,0,1],"contentsRect":{"y":0,"x":0,"width":1,"height":1},"opacity":1,"edgeAntialiasingMask":251658240,"height":1180,"hidden":false,"anchorPoint":{"pointX":0.5,"pointY":0.5}},"layers":[{"animations":[],"initialState":{"affineTransform":[1,0,0,1,0,0],"masksToBounds":false,"rotation":0,"scale":1,"position":{"pointX":950,"pointY":590},"width":1900,"sublayerTransform":[1,0,0,0,0,1,0,0,0,0,1,0,0,0,0,1],"contentsRect":{"y":0,"x":0,"width":1,"height":1},"opacity":1,"edgeAntialiasingMask":251658240,"height":1180,"hidden":false,"anchorPoint":{"pointX":0.5,"pointY":0.5}},"layers":[{"animations":[],"initialState":{"affineTransform":[1,0,0,1,0,0],"masksToBounds":false,"rotation":0,"scale":1,"position":{"pointX":950,"pointY":590},"width":1900,"sublayerTransform":[1,0,0,0,0,1,0,0,0,0,1,0,0,0,0,1],"contentsRect":{"y":0,"x":0,"width":1,"height":1},"opacity":1,"edgeAntialiasingMask":251658240,"height":1180,"hidden":false,"anchorPoint":{"pointX":0.5,"pointY":0.5}},"layers":[{"animations":[],"layers":[],"texturedRectangle":{"isBackgroundTexture":true,"singleTextureOpacity":1,"textureType":1,"textBaseline":0,"textXHeight":0,"isVerticalText":false},"initialState":{"affineTransform":[1,0,0,1,0,0],"masksToBounds":false,"rotation":0,"scale":1,"position":{"pointX":950,"pointY":590},"width":1900,"sublayerTransform":[1,0,0,0,0,1,0,0,0,0,1,0,0,0,0,1],"contentsRect":{"y":0,"x":0,"width":1,"height":1},"opacity":1,"edgeAntialiasingMask":0,"height":1180,"hidden":false,"anchorPoint":{"pointX":0.5,"pointY":0.5}},"texture":"F98697E90F0E7F132168DD9768F98E4C"}]}]},{"animations":[],"initialState":{"affineTransform":[1,0,0,1,0,0],"masksToBounds":false,"rotation":0,"scale":1,"position":{"pointX":950,"pointY":590},"width":1900,"sublayerTransform":[1,0,0,0,0,1,0,0,0,0,1,0,0,0,0,1],"contentsRect":{"y":0,"x":0,"width":1,"height":1},"opacity":1,"edgeAntialiasingMask":251658240,"height":1180,"hidden":false,"anchorPoint":{"pointX":0.5,"pointY":0.5}},"layers":[{"animations":[],"initialState":{"affineTransform":[1,0,0,1,0,0],"masksToBounds":false,"rotation":0,"scale":1,"position":{"pointX":925.21563720703125,"pointY":481.76826477050781},"width":733,"sublayerTransform":[1,0,0,0,0,1,0,0,0,0,1,0,0,0,0,1],"contentsRect":{"y":0,"x":0,"width":1,"height":1},"opacity":1,"edgeAntialiasingMask":251658240,"height":692,"hidden":false,"anchorPoint":{"pointX":0.5,"pointY":0.5}},"layers":[{"animations":[],"layers":[],"texturedRectangle":{"isBackgroundTexture":true,"singleTextureOpacity":1,"textureType":5,"textBaseline":0,"textXHeight":0,"isVerticalText":false},"initialState":{"affineTransform":[1,0,0,1,0,0],"masksToBounds":false,"rotation":0,"scale":1,"position":{"pointX":359.78436279296875,"pointY":339.23173522949219},"width":733,"sublayerTransform":[1,0,0,0,0,1,0,0,0,0,1,0,0,0,0,1],"contentsRect":{"y":0,"x":0,"width":1,"height":1},"opacity":1,"edgeAntialiasingMask":0,"height":692,"hidden":false,"anchorPoint":{"pointX":0.5,"pointY":0.5}},"texture":"A1CA3FEE78A44C5AAEAD2C4774819651"}]}]},{"animations":[],"initialState":{"affineTransform":[1,0,0,1,0,0],"masksToBounds":false,"rotation":0,"scale":1,"position":{"pointX":950,"pointY":590},"width":1900,"sublayerTransform":[1,0,0,0,0,1,0,0,0,0,1,0,0,0,0,1],"contentsRect":{"y":0,"x":0,"width":1,"height":1},"opacity":1,"edgeAntialiasingMask":251658240,"height":1180,"hidden":false,"anchorPoint":{"pointX":0.5,"pointY":0.5}},"layers":[{"animations":[],"initialState":{"affineTransform":[1,0,0,1,0,0],"masksToBounds":false,"rotation":0,"scale":1,"position":{"pointX":920.25848388671875,"pointY":1009.269287109375},"width":219,"sublayerTransform":[1,0,0,0,0,1,0,0,0,0,1,0,0,0,0,1],"contentsRect":{"y":0,"x":0,"width":1,"height":1},"opacity":1,"edgeAntialiasingMask":251658240,"height":242,"hidden":false,"anchorPoint":{"pointX":0.5,"pointY":0.5}},"layers":[{"animations":[],"layers":[],"texturedRectangle":{"singleTextureOpacity":1,"textXHeight":0,"shapePath":{"lineWidth":1,"flatness":0.59999999999999998,"lineCapStyle":0,"elements":[{"type":"MoveToPoint","points":[[52.167175263948479,8.269287109375]]},{"type":"AddLine","points":[[166.61264040987976,8.269287109375]]},{"type":"AddCurve","points":[[179.05781436198686,8.269287109375],[185.37689935952733,8.269287109375],[192.08913659742643,10.396506163707386]]},{"type":"AddCurve","points":[[199.43445079743879,13.069981893844783],[205.22063700263959,18.85616809904559],[207.89411273277699,26.201482299058057]]},{"type":"AddCurve","points":[[210.02133178710938,32.913719536957046],[210.02133178710938,39.232804534497518],[210.02133178710938,51.870974529578461]]},{"type":"AddLine","points":[[210.02133178710938,190.50961306612976]]},{"type":"AddCurve","points":[[210.02133178710938,202.95478701823686],[210.02133178710938,209.27387201577721],[207.89411273277699,215.98610925367643]]},{"type":"AddCurve","points":[[205.22063700263959,223.33142345368879],[199.43445079743879,229.11760965888971],[192.08913659742643,231.79108538902688]]},{"type":"AddCurve","points":[[185.37689935952733,233.91830444335938],[179.05781436198686,233.91830444335938],[166.41964436690591,233.91830444335938]]},{"type":"AddLine","points":[[52.167175263948479,233.91830444335938]]},{"type":"AddCurve","points":[[39.722001311841268,233.91830444335938],[33.402916314300796,233.91830444335938],[26.690679076401693,231.79108538902688]]},{"type":"AddCurve","points":[[19.34536487638934,229.11760965888971],[13.559178671188533,223.33142345368879],[10.885702941051136,215.98610925367643]]},{"type":"AddCurve","points":[[8.75848388671875,209.27387201577721],[8.75848388671875,202.95478701823686],[8.75848388671875,190.31661702315591]]},{"type":"AddLine","points":[[8.75848388671875,51.677978486604729]]},{"type":"AddCurve","points":[[8.75848388671875,39.232804534497518],[8.75848388671875,32.913719536957046],[10.885702941051136,26.201482299058057]]},{"type":"AddCurve","points":[[13.559178671188533,18.85616809904559],[19.34536487638934,13.069981893844783],[26.690679076401807,10.396506163707386]]},{"type":"AddCurve","points":[[33.402916314300796,8.269287109375],[39.722001311841268,8.269287109375],[52.360171306922211,8.269287109375]]},{"type":"CloseSubpath"},{"type":"MoveToPoint","points":[[52.167175263948479,8.269287109375]]}],"windingRule":0,"lineJoinStyle":0,"miterLimit":10},"isBackgroundTexture":true,"textBaseline":0,"isVerticalText":false,"textureType":5},"initialState":{"affineTransform":[1,0,0,1,0,0],"masksToBounds":false,"rotation":0,"scale":1,"position":{"pointX":107.74151611328125,"pointY":119.730712890625},"width":219,"sublayerTransform":[1,0,0,0,0,1,0,0,0,0,1,0,0,0,0,1],"contentsRect":{"y":0,"x":0,"width":1,"height":1},"opacity":1,"edgeAntialiasingMask":0,"height":242,"hidden":false,"anchorPoint":{"pointX":0.5,"pointY":0.5}},"texture":"8DD8A8AFCC162AF0FD1FA7284482DA42"}]}]},{"animations":[],"initialState":{"affineTransform":[1,0,0,1,0,0],"masksToBounds":false,"rotation":0,"scale":1,"position":{"pointX":950,"pointY":590},"width":1900,"sublayerTransform":[1,0,0,0,0,1,0,0,0,0,1,0,0,0,0,1],"contentsRect":{"y":0,"x":0,"width":1,"height":1},"opacity":1,"edgeAntialiasingMask":251658240,"height":1180,"hidden":false,"anchorPoint":{"pointX":0.5,"pointY":0.5}},"layers":[{"animations":[],"initialState":{"affineTransform":[1,0,0,1,0,0],"masksToBounds":false,"rotation":0,"scale":1,"position":{"pointX":584.935791015625,"pointY":790.15740966796875},"width":115,"sublayerTransform":[1,0,0,0,0,1,0,0,0,0,1,0,0,0,0,1],"contentsRect":{"y":0,"x":0,"width":1,"height":1},"opacity":1,"edgeAntialiasingMask":251658240,"height":115,"hidden":false,"anchorPoint":{"pointX":0.5,"pointY":0.5}},"layers":[{"animations":[],"layers":[],"texturedRectangle":{"singleTextureOpacity":1,"textXHeight":0,"shapePath":{"lineWidth":1,"flatness":0.59999999999999998,"lineCapStyle":0,"elements":[{"type":"MoveToPoint","points":[[92.791130065917969,22.302070617675781]]},{"type":"AddCurve","points":[[112.31734466552734,41.828285217285156],[112.31734466552734,73.486534118652344],[92.791130065917969,93.012748718261719]]},{"type":"AddCurve","points":[[73.264915466308594,112.53896331787109],[41.606666564941406,112.53896331787109],[22.080451965332031,93.012748718261719]]},{"type":"AddCurve","points":[[2.5542373657226562,73.486534118652344],[2.5542373657226562,41.828285217285156],[22.080451965332031,22.302070617675781]]},{"type":"AddCurve","points":[[41.606666564941406,2.7758560180664062],[73.264915466308594,2.7758560180664062],[92.791130065917969,22.302070617675781]]},{"type":"CloseSubpath"},{"type":"MoveToPoint","points":[[92.791130065917969,22.302070617675781]]}],"windingRule":0,"lineJoinStyle":0,"miterLimit":10},"isBackgroundTexture":true,"textBaseline":0,"isVerticalText":false,"textureType":5},"initialState":{"affineTransform":[1,0,0,1,0,0],"masksToBounds":false,"rotation":0,"scale":1,"position":{"pointX":56.064208984375,"pointY":55.84259033203125},"width":115,"sublayerTransform":[1,0,0,0,0,1,0,0,0,0,1,0,0,0,0,1],"contentsRect":{"y":0,"x":0,"width":1,"height":1},"opacity":1,"edgeAntialiasingMask":0,"height":115,"hidden":false,"anchorPoint":{"pointX":0.5,"pointY":0.5}},"texture":"908AE8F7A88DBC5765A87F9CC245305F"}]}]},{"animations":[],"initialState":{"affineTransform":[1,0,0,1,0,0],"masksToBounds":false,"rotation":0,"scale":1,"position":{"pointX":950,"pointY":590},"width":1900,"sublayerTransform":[1,0,0,0,0,1,0,0,0,0,1,0,0,0,0,1],"contentsRect":{"y":0,"x":0,"width":1,"height":1},"opacity":1,"edgeAntialiasingMask":251658240,"height":1180,"hidden":false,"anchorPoint":{"pointX":0.5,"pointY":0.5}},"layers":[{"animations":[],"initialState":{"affineTransform":[1,0,0,1,0,0],"masksToBounds":false,"rotation":0,"scale":1,"position":{"pointX":1257.78466796875,"pointY":790.15740966796875},"width":115,"sublayerTransform":[1,0,0,0,0,1,0,0,0,0,1,0,0,0,0,1],"contentsRect":{"y":0,"x":0,"width":1,"height":1},"opacity":1,"edgeAntialiasingMask":251658240,"height":115,"hidden":false,"anchorPoint":{"pointX":0.5,"pointY":0.5}},"layers":[{"animations":[],"layers":[],"texturedRectangle":{"singleTextureOpacity":1,"textXHeight":0,"shapePath":{"lineWidth":1,"flatness":0.59999999999999998,"lineCapStyle":0,"elements":[{"type":"MoveToPoint","points":[[92.640007019042969,22.302070617675781]]},{"type":"AddCurve","points":[[112.16622161865234,41.828285217285156],[112.16622161865234,73.486534118652344],[92.640007019042969,93.012748718261719]]},{"type":"AddCurve","points":[[73.113792419433594,112.53896331787109],[41.455543518066406,112.53896331787109],[21.929328918457031,93.012748718261719]]},{"type":"AddCurve","points":[[2.4031143188476562,73.486534118652344],[2.4031143188476562,41.828285217285156],[21.929328918457031,22.302070617675781]]},{"type":"AddCurve","points":[[41.455543518066406,2.7758560180664062],[73.113792419433594,2.7758560180664062],[92.640007019042969,22.302070617675781]]},{"type":"CloseSubpath"},{"type":"MoveToPoint","points":[[92.640007019042969,22.302070617675781]]}],"windingRule":0,"lineJoinStyle":0,"miterLimit":10},"isBackgroundTexture":true,"textBaseline":0,"isVerticalText":false,"textureType":5},"initialState":{"affineTransform":[1,0,0,1,0,0],"masksToBounds":false,"rotation":0,"scale":1,"position":{"pointX":56.21533203125,"pointY":55.84259033203125},"width":115,"sublayerTransform":[1,0,0,0,0,1,0,0,0,0,1,0,0,0,0,1],"contentsRect":{"y":0,"x":0,"width":1,"height":1},"opacity":1,"edgeAntialiasingMask":0,"height":115,"hidden":false,"anchorPoint":{"pointX":0.5,"pointY":0.5}},"texture":"303782521035EC56592A28AF1CDD8634"}]}]},{"animations":[],"initialState":{"affineTransform":[1,0,0,1,0,0],"masksToBounds":false,"rotation":0,"scale":1,"position":{"pointX":950,"pointY":590},"width":1900,"sublayerTransform":[1,0,0,0,0,1,0,0,0,0,1,0,0,0,0,1],"contentsRect":{"y":0,"x":0,"width":1,"height":1},"opacity":1,"edgeAntialiasingMask":251658240,"height":1180,"hidden":false,"anchorPoint":{"pointX":0.5,"pointY":0.5}},"layers":[{"animations":[],"initialState":{"affineTransform":[1,0,0,1,0,0],"masksToBounds":false,"rotation":0,"scale":1,"position":{"pointX":702.84270115984668,"pointY":944.56029149187805},"width":216,"sublayerTransform":[1,0,0,0,0,1,0,0,0,0,1,0,0,0,0,1],"contentsRect":{"y":0,"x":0,"width":1,"height":1},"opacity":1,"edgeAntialiasingMask":251658240,"height":216,"hidden":false,"anchorPoint":{"pointX":0.5,"pointY":0.5}},"objectID":"970FE2BA-94E1-43C3-8634-28A81A5E8EA8","layers":[{"animations":[],"layers":[],"texturedRectangle":{"singleTextureOpacity":1,"textXHeight":0,"shapePath":{"lineWidth":1,"flatness":0.59999999999999998,"lineCapStyle":0,"elements":[{"type":"MoveToPoint","points":[[15.419151358628483,15.136741690659733]]},{"type":"AddLine","points":[[173.80892974666085,173.5265200786921]]},{"type":"AddLine","points":[[177.3444636525935,177.06205398462487]]}],"windingRule":0,"lineJoinStyle":0,"miterLimit":10},"isBackgroundTexture":true,"textBaseline":0,"isVerticalText":false,"textureType":5},"initialState":{"affineTransform":[1,0,0,1,0,0],"masksToBounds":false,"rotation":0,"scale":1,"position":{"pointX":106.15729884015332,"pointY":106.43970850812195},"width":216,"sublayerTransform":[1,0,0,0,0,1,0,0,0,0,1,0,0,0,0,1],"contentsRect":{"y":0,"x":0,"width":1,"height":1},"opacity":1,"edgeAntialiasingMask":0,"height":216,"hidden":true,"anchorPoint":{"pointX":0.5,"pointY":0.5}},"texture":"9E3DE5E6F4352A76DD07373F8569FF68"}]}]},{"animations":[],"initialState":{"affineTransform":[1,0,0,1,0,0],"masksToBounds":false,"rotation":0,"scale":1,"position":{"pointX":950,"pointY":590},"width":1900,"sublayerTransform":[1,0,0,0,0,1,0,0,0,0,1,0,0,0,0,1],"contentsRect":{"y":0,"x":0,"width":1,"height":1},"opacity":1,"edgeAntialiasingMask":251658240,"height":1180,"hidden":false,"anchorPoint":{"pointX":0.5,"pointY":0.5}},"layers":[{"animations":[],"initialState":{"affineTransform":[1,0,0,1,0,0],"masksToBounds":false,"rotation":0,"scale":1,"position":{"pointX":1144.277137957039,"pointY":940.98923697842997},"width":223,"sublayerTransform":[1,0,0,0,0,1,0,0,0,0,1,0,0,0,0,1],"contentsRect":{"y":0,"x":0,"width":1,"height":1},"opacity":1,"edgeAntialiasingMask":251658240,"height":223,"hidden":false,"anchorPoint":{"pointX":0.5,"pointY":0.5}},"objectID":"A11B313C-D2E5-40A9-BABD-A157F26D3B9B","layers":[{"animations":[],"layers":[],"texturedRectangle":{"singleTextureOpacity":1,"textXHeight":0,"shapePath":{"lineWidth":1,"flatness":0.59999999999999998,"lineCapStyle":0,"elements":[{"type":"MoveToPoint","points":[[15.353588155820717,207.67943186371053]]},{"type":"AddLine","points":[[180.81443244475622,42.218587574775142]]},{"type":"AddLine","points":[[184.34996635068887,38.683053668842376]]}],"windingRule":0,"lineJoinStyle":0,"miterLimit":10},"isBackgroundTexture":true,"textBaseline":0,"isVerticalText":false,"textureType":5},"initialState":{"affineTransform":[1,0,0,1,0,0],"masksToBounds":false,"rotation":0,"scale":1,"position":{"pointX":109.72286204296097,"pointY":110.01076302157003},"width":223,"sublayerTransform":[1,0,0,0,0,1,0,0,0,0,1,0,0,0,0,1],"contentsRect":{"y":0,"x":0,"width":1,"height":1},"opacity":1,"edgeAntialiasingMask":0,"height":223,"hidden":true,"anchorPoint":{"pointX":0.5,"pointY":0.5}},"texture":"6B9E826454C92BFE75159D5AC3EC7799"}]}]}]}},{"effects":[{"beginTime":0,"baseLayer":{"animations":[],"initialState":{"affineTransform":[1,0,0,1,0,0],"masksToBounds":false,"rotation":0,"scale":1,"position":{"pointX":1144.277137957039,"pointY":940.98923697842997},"width":223,"sublayerTransform":[1,0,0,0,0,1,0,0,0,0,1,0,0,0,0,1],"contentsRect":{"y":0,"x":0,"width":1,"height":1},"opacity":1,"edgeAntialiasingMask":251658240,"height":223,"hidden":false,"anchorPoint":{"pointX":0.5,"pointY":0.5}},"objectID":"A11B313C-D2E5-40A9-BABD-A157F26D3B9B","layers":[{"animations":[],"initialState":{"affineTransform":[1,0,0,1,0,0],"masksToBounds":false,"rotation":0,"scale":1,"position":{"pointX":-82.777137957039031,"pointY":-239.48923697842997},"width":223,"sublayerTransform":[1,0,0,0,0,1,0,0,0,0,1,-0.00032041140223828868,0,0,0,1],"contentsRect":{"y":0,"x":0,"width":1,"height":1},"opacity":1,"edgeAntialiasingMask":251658240,"height":223,"hidden":false,"anchorPoint":{"pointX":-0.37119792805847102,"pointY":-1.073942766719417}},"layers":[{"animations":[{"timeOffset":0,"beginTime":1e-100,"repeatCount":0,"animations":[{"timeOffset":0,"from":{"scalar":0},"beginTime":0,"repeatCount":0,"fillMode":"both","duration":0.69999999999999996,"autoreverses":false,"timingFunction":"EaseInEaseOut","property":"opacity","to":{"scalar":1}},{"timeOffset":0,"from":{"scalar":false},"beginTime":0,"repeatCount":0,"fillMode":"forwards","property":"hidden","autoreverses":false,"duration":0.69999999999999996,"to":{"scalar":false}}],"fillMode":"both","autoreverses":false,"duration":0.69999999999999996}],"layers":[],"texturedRectangle":{"singleTextureOpacity":1,"textXHeight":0,"shapePath":{"lineWidth":1,"flatness":0.59999999999999998,"lineCapStyle":0,"elements":[{"type":"MoveToPoint","points":[[15.353588155820717,207.67943186371053]]},{"type":"AddLine","points":[[180.81443244475622,42.218587574775142]]},{"type":"AddLine","points":[[184.34996635068887,38.683053668842376]]}],"windingRule":0,"lineJoinStyle":0,"miterLimit":10},"isBackgroundTexture":true,"textBaseline":0,"isVerticalText":false,"textureType":5},"initialState":{"affineTransform":[1,0,0,1,0,0],"masksToBounds":false,"rotation":0,"scale":1,"position":{"pointX":109.72286204296097,"pointY":110.01076302157003},"width":223,"sublayerTransform":[1,0,0,0,0,1,0,0,0,0,1,0,0,0,0,1],"contentsRect":{"y":0,"x":0,"width":1,"height":1},"opacity":1,"edgeAntialiasingMask":0,"height":223,"hidden":true,"anchorPoint":{"pointX":0.5,"pointY":0.5}},"texture":"6B9E826454C92BFE75159D5AC3EC7799"}]}]},"effects":[],"duration":0.69999999999999996,"type":"buildIn","attributes":{"direction":23},"name":"apple:wipe","objectID":"A11B313C-D2E5-40A9-BABD-A157F26D3B9B"}],"automaticPlay":false,"hyperlinks":[],"accessibility":[{"text":"Bloc","targetRectangle":{"y":973.92195635475218,"x":860.79848388671871,"width":115.17000000000007,"height":66.404617309570312}}],"baseLayer":{"animations":[],"initialState":{"affineTransform":[1,0,0,1,0,0],"masksToBounds":false,"rotation":0,"scale":1,"position":{"pointX":950,"pointY":590},"width":1900,"sublayerTransform":[1,0,0,0,0,1,0,0,0,0,1,0,0,0,0,1],"contentsRect":{"y":0,"x":0,"width":1,"height":1},"opacity":1,"edgeAntialiasingMask":251658240,"height":1180,"hidden":false,"anchorPoint":{"pointX":0.5,"pointY":0.5}},"layers":[{"animations":[],"initialState":{"affineTransform":[1,0,0,1,0,0],"masksToBounds":false,"rotation":0,"scale":1,"position":{"pointX":950,"pointY":590},"width":1900,"sublayerTransform":[1,0,0,0,0,1,0,0,0,0,1,0,0,0,0,1],"contentsRect":{"y":0,"x":0,"width":1,"height":1},"opacity":1,"edgeAntialiasingMask":251658240,"height":1180,"hidden":false,"anchorPoint":{"pointX":0.5,"pointY":0.5}},"layers":[{"animations":[],"initialState":{"affineTransform":[1,0,0,1,0,0],"masksToBounds":false,"rotation":0,"scale":1,"position":{"pointX":950,"pointY":590},"width":1900,"sublayerTransform":[1,0,0,0,0,1,0,0,0,0,1,0,0,0,0,1],"contentsRect":{"y":0,"x":0,"width":1,"height":1},"opacity":1,"edgeAntialiasingMask":251658240,"height":1180,"hidden":false,"anchorPoint":{"pointX":0.5,"pointY":0.5}},"layers":[{"animations":[],"layers":[],"texturedRectangle":{"isBackgroundTexture":true,"singleTextureOpacity":1,"textureType":1,"textBaseline":0,"textXHeight":0,"isVerticalText":false},"initialState":{"affineTransform":[1,0,0,1,0,0],"masksToBounds":false,"rotation":0,"scale":1,"position":{"pointX":950,"pointY":590},"width":1900,"sublayerTransform":[1,0,0,0,0,1,0,0,0,0,1,0,0,0,0,1],"contentsRect":{"y":0,"x":0,"width":1,"height":1},"opacity":1,"edgeAntialiasingMask":0,"height":1180,"hidden":false,"anchorPoint":{"pointX":0.5,"pointY":0.5}},"texture":"F98697E90F0E7F132168DD9768F98E4C"}]}]},{"animations":[],"initialState":{"affineTransform":[1,0,0,1,0,0],"masksToBounds":false,"rotation":0,"scale":1,"position":{"pointX":950,"pointY":590},"width":1900,"sublayerTransform":[1,0,0,0,0,1,0,0,0,0,1,0,0,0,0,1],"contentsRect":{"y":0,"x":0,"width":1,"height":1},"opacity":1,"edgeAntialiasingMask":251658240,"height":1180,"hidden":false,"anchorPoint":{"pointX":0.5,"pointY":0.5}},"layers":[{"animations":[],"initialState":{"affineTransform":[1,0,0,1,0,0],"masksToBounds":false,"rotation":0,"scale":1,"position":{"pointX":925.21563720703125,"pointY":481.76826477050781},"width":733,"sublayerTransform":[1,0,0,0,0,1,0,0,0,0,1,0,0,0,0,1],"contentsRect":{"y":0,"x":0,"width":1,"height":1},"opacity":1,"edgeAntialiasingMask":251658240,"height":692,"hidden":false,"anchorPoint":{"pointX":0.5,"pointY":0.5}},"layers":[{"animations":[],"layers":[],"texturedRectangle":{"isBackgroundTexture":true,"singleTextureOpacity":1,"textureType":5,"textBaseline":0,"textXHeight":0,"isVerticalText":false},"initialState":{"affineTransform":[1,0,0,1,0,0],"masksToBounds":false,"rotation":0,"scale":1,"position":{"pointX":359.78436279296875,"pointY":339.23173522949219},"width":733,"sublayerTransform":[1,0,0,0,0,1,0,0,0,0,1,0,0,0,0,1],"contentsRect":{"y":0,"x":0,"width":1,"height":1},"opacity":1,"edgeAntialiasingMask":0,"height":692,"hidden":false,"anchorPoint":{"pointX":0.5,"pointY":0.5}},"texture":"A1CA3FEE78A44C5AAEAD2C4774819651"}]}]},{"animations":[],"initialState":{"affineTransform":[1,0,0,1,0,0],"masksToBounds":false,"rotation":0,"scale":1,"position":{"pointX":950,"pointY":590},"width":1900,"sublayerTransform":[1,0,0,0,0,1,0,0,0,0,1,0,0,0,0,1],"contentsRect":{"y":0,"x":0,"width":1,"height":1},"opacity":1,"edgeAntialiasingMask":251658240,"height":1180,"hidden":false,"anchorPoint":{"pointX":0.5,"pointY":0.5}},"layers":[{"animations":[],"initialState":{"affineTransform":[1,0,0,1,0,0],"masksToBounds":false,"rotation":0,"scale":1,"position":{"pointX":920.25848388671875,"pointY":1009.269287109375},"width":219,"sublayerTransform":[1,0,0,0,0,1,0,0,0,0,1,0,0,0,0,1],"contentsRect":{"y":0,"x":0,"width":1,"height":1},"opacity":1,"edgeAntialiasingMask":251658240,"height":242,"hidden":false,"anchorPoint":{"pointX":0.5,"pointY":0.5}},"layers":[{"animations":[],"layers":[],"texturedRectangle":{"singleTextureOpacity":1,"textXHeight":0,"shapePath":{"lineWidth":1,"flatness":0.59999999999999998,"lineCapStyle":0,"elements":[{"type":"MoveToPoint","points":[[52.167175263948479,8.269287109375]]},{"type":"AddLine","points":[[166.61264040987976,8.269287109375]]},{"type":"AddCurve","points":[[179.05781436198686,8.269287109375],[185.37689935952733,8.269287109375],[192.08913659742643,10.396506163707386]]},{"type":"AddCurve","points":[[199.43445079743879,13.069981893844783],[205.22063700263959,18.85616809904559],[207.89411273277699,26.201482299058057]]},{"type":"AddCurve","points":[[210.02133178710938,32.913719536957046],[210.02133178710938,39.232804534497518],[210.02133178710938,51.870974529578461]]},{"type":"AddLine","points":[[210.02133178710938,190.50961306612976]]},{"type":"AddCurve","points":[[210.02133178710938,202.95478701823686],[210.02133178710938,209.27387201577721],[207.89411273277699,215.98610925367643]]},{"type":"AddCurve","points":[[205.22063700263959,223.33142345368879],[199.43445079743879,229.11760965888971],[192.08913659742643,231.79108538902688]]},{"type":"AddCurve","points":[[185.37689935952733,233.91830444335938],[179.05781436198686,233.91830444335938],[166.41964436690591,233.91830444335938]]},{"type":"AddLine","points":[[52.167175263948479,233.91830444335938]]},{"type":"AddCurve","points":[[39.722001311841268,233.91830444335938],[33.402916314300796,233.91830444335938],[26.690679076401693,231.79108538902688]]},{"type":"AddCurve","points":[[19.34536487638934,229.11760965888971],[13.559178671188533,223.33142345368879],[10.885702941051136,215.98610925367643]]},{"type":"AddCurve","points":[[8.75848388671875,209.27387201577721],[8.75848388671875,202.95478701823686],[8.75848388671875,190.31661702315591]]},{"type":"AddLine","points":[[8.75848388671875,51.677978486604729]]},{"type":"AddCurve","points":[[8.75848388671875,39.232804534497518],[8.75848388671875,32.913719536957046],[10.885702941051136,26.201482299058057]]},{"type":"AddCurve","points":[[13.559178671188533,18.85616809904559],[19.34536487638934,13.069981893844783],[26.690679076401807,10.396506163707386]]},{"type":"AddCurve","points":[[33.402916314300796,8.269287109375],[39.722001311841268,8.269287109375],[52.360171306922211,8.269287109375]]},{"type":"CloseSubpath"},{"type":"MoveToPoint","points":[[52.167175263948479,8.269287109375]]}],"windingRule":0,"lineJoinStyle":0,"miterLimit":10},"isBackgroundTexture":true,"textBaseline":0,"isVerticalText":false,"textureType":5},"initialState":{"affineTransform":[1,0,0,1,0,0],"masksToBounds":false,"rotation":0,"scale":1,"position":{"pointX":107.74151611328125,"pointY":119.730712890625},"width":219,"sublayerTransform":[1,0,0,0,0,1,0,0,0,0,1,0,0,0,0,1],"contentsRect":{"y":0,"x":0,"width":1,"height":1},"opacity":1,"edgeAntialiasingMask":0,"height":242,"hidden":false,"anchorPoint":{"pointX":0.5,"pointY":0.5}},"texture":"8DD8A8AFCC162AF0FD1FA7284482DA42"}]}]},{"animations":[],"initialState":{"affineTransform":[1,0,0,1,0,0],"masksToBounds":false,"rotation":0,"scale":1,"position":{"pointX":950,"pointY":590},"width":1900,"sublayerTransform":[1,0,0,0,0,1,0,0,0,0,1,0,0,0,0,1],"contentsRect":{"y":0,"x":0,"width":1,"height":1},"opacity":1,"edgeAntialiasingMask":251658240,"height":1180,"hidden":false,"anchorPoint":{"pointX":0.5,"pointY":0.5}},"layers":[{"animations":[],"initialState":{"affineTransform":[1,0,0,1,0,0],"masksToBounds":false,"rotation":0,"scale":1,"position":{"pointX":584.935791015625,"pointY":790.15740966796875},"width":115,"sublayerTransform":[1,0,0,0,0,1,0,0,0,0,1,0,0,0,0,1],"contentsRect":{"y":0,"x":0,"width":1,"height":1},"opacity":1,"edgeAntialiasingMask":251658240,"height":115,"hidden":false,"anchorPoint":{"pointX":0.5,"pointY":0.5}},"layers":[{"animations":[],"layers":[],"texturedRectangle":{"singleTextureOpacity":1,"textXHeight":0,"shapePath":{"lineWidth":1,"flatness":0.59999999999999998,"lineCapStyle":0,"elements":[{"type":"MoveToPoint","points":[[92.791130065917969,22.302070617675781]]},{"type":"AddCurve","points":[[112.31734466552734,41.828285217285156],[112.31734466552734,73.486534118652344],[92.791130065917969,93.012748718261719]]},{"type":"AddCurve","points":[[73.264915466308594,112.53896331787109],[41.606666564941406,112.53896331787109],[22.080451965332031,93.012748718261719]]},{"type":"AddCurve","points":[[2.5542373657226562,73.486534118652344],[2.5542373657226562,41.828285217285156],[22.080451965332031,22.302070617675781]]},{"type":"AddCurve","points":[[41.606666564941406,2.7758560180664062],[73.264915466308594,2.7758560180664062],[92.791130065917969,22.302070617675781]]},{"type":"CloseSubpath"},{"type":"MoveToPoint","points":[[92.791130065917969,22.302070617675781]]}],"windingRule":0,"lineJoinStyle":0,"miterLimit":10},"isBackgroundTexture":true,"textBaseline":0,"isVerticalText":false,"textureType":5},"initialState":{"affineTransform":[1,0,0,1,0,0],"masksToBounds":false,"rotation":0,"scale":1,"position":{"pointX":56.064208984375,"pointY":55.84259033203125},"width":115,"sublayerTransform":[1,0,0,0,0,1,0,0,0,0,1,0,0,0,0,1],"contentsRect":{"y":0,"x":0,"width":1,"height":1},"opacity":1,"edgeAntialiasingMask":0,"height":115,"hidden":false,"anchorPoint":{"pointX":0.5,"pointY":0.5}},"texture":"908AE8F7A88DBC5765A87F9CC245305F"}]}]},{"animations":[],"initialState":{"affineTransform":[1,0,0,1,0,0],"masksToBounds":false,"rotation":0,"scale":1,"position":{"pointX":950,"pointY":590},"width":1900,"sublayerTransform":[1,0,0,0,0,1,0,0,0,0,1,0,0,0,0,1],"contentsRect":{"y":0,"x":0,"width":1,"height":1},"opacity":1,"edgeAntialiasingMask":251658240,"height":1180,"hidden":false,"anchorPoint":{"pointX":0.5,"pointY":0.5}},"layers":[{"animations":[],"initialState":{"affineTransform":[1,0,0,1,0,0],"masksToBounds":false,"rotation":0,"scale":1,"position":{"pointX":1257.78466796875,"pointY":790.15740966796875},"width":115,"sublayerTransform":[1,0,0,0,0,1,0,0,0,0,1,0,0,0,0,1],"contentsRect":{"y":0,"x":0,"width":1,"height":1},"opacity":1,"edgeAntialiasingMask":251658240,"height":115,"hidden":false,"anchorPoint":{"pointX":0.5,"pointY":0.5}},"layers":[{"animations":[],"layers":[],"texturedRectangle":{"singleTextureOpacity":1,"textXHeight":0,"shapePath":{"lineWidth":1,"flatness":0.59999999999999998,"lineCapStyle":0,"elements":[{"type":"MoveToPoint","points":[[92.640007019042969,22.302070617675781]]},{"type":"AddCurve","points":[[112.16622161865234,41.828285217285156],[112.16622161865234,73.486534118652344],[92.640007019042969,93.012748718261719]]},{"type":"AddCurve","points":[[73.113792419433594,112.53896331787109],[41.455543518066406,112.53896331787109],[21.929328918457031,93.012748718261719]]},{"type":"AddCurve","points":[[2.4031143188476562,73.486534118652344],[2.4031143188476562,41.828285217285156],[21.929328918457031,22.302070617675781]]},{"type":"AddCurve","points":[[41.455543518066406,2.7758560180664062],[73.113792419433594,2.7758560180664062],[92.640007019042969,22.302070617675781]]},{"type":"CloseSubpath"},{"type":"MoveToPoint","points":[[92.640007019042969,22.302070617675781]]}],"windingRule":0,"lineJoinStyle":0,"miterLimit":10},"isBackgroundTexture":true,"textBaseline":0,"isVerticalText":false,"textureType":5},"initialState":{"affineTransform":[1,0,0,1,0,0],"masksToBounds":false,"rotation":0,"scale":1,"position":{"pointX":56.21533203125,"pointY":55.84259033203125},"width":115,"sublayerTransform":[1,0,0,0,0,1,0,0,0,0,1,0,0,0,0,1],"contentsRect":{"y":0,"x":0,"width":1,"height":1},"opacity":1,"edgeAntialiasingMask":0,"height":115,"hidden":false,"anchorPoint":{"pointX":0.5,"pointY":0.5}},"texture":"303782521035EC56592A28AF1CDD8634"}]}]},{"animations":[],"initialState":{"affineTransform":[1,0,0,1,0,0],"masksToBounds":false,"rotation":0,"scale":1,"position":{"pointX":950,"pointY":590},"width":1900,"sublayerTransform":[1,0,0,0,0,1,0,0,0,0,1,0,0,0,0,1],"contentsRect":{"y":0,"x":0,"width":1,"height":1},"opacity":1,"edgeAntialiasingMask":251658240,"height":1180,"hidden":false,"anchorPoint":{"pointX":0.5,"pointY":0.5}},"layers":[{"animations":[],"initialState":{"affineTransform":[1,0,0,1,0,0],"masksToBounds":false,"rotation":0,"scale":1,"position":{"pointX":702.84270115984668,"pointY":944.56029149187805},"width":216,"sublayerTransform":[1,0,0,0,0,1,0,0,0,0,1,0,0,0,0,1],"contentsRect":{"y":0,"x":0,"width":1,"height":1},"opacity":1,"edgeAntialiasingMask":251658240,"height":216,"hidden":false,"anchorPoint":{"pointX":0.5,"pointY":0.5}},"objectID":"970FE2BA-94E1-43C3-8634-28A81A5E8EA8","layers":[{"animations":[],"layers":[],"texturedRectangle":{"singleTextureOpacity":1,"textXHeight":0,"shapePath":{"lineWidth":1,"flatness":0.59999999999999998,"lineCapStyle":0,"elements":[{"type":"MoveToPoint","points":[[15.419151358628483,15.136741690659733]]},{"type":"AddLine","points":[[173.80892974666085,173.5265200786921]]},{"type":"AddLine","points":[[177.3444636525935,177.06205398462487]]}],"windingRule":0,"lineJoinStyle":0,"miterLimit":10},"isBackgroundTexture":true,"textBaseline":0,"isVerticalText":false,"textureType":5},"initialState":{"affineTransform":[1,0,0,1,0,0],"masksToBounds":false,"rotation":0,"scale":1,"position":{"pointX":106.15729884015332,"pointY":106.43970850812195},"width":216,"sublayerTransform":[1,0,0,0,0,1,0,0,0,0,1,0,0,0,0,1],"contentsRect":{"y":0,"x":0,"width":1,"height":1},"opacity":1,"edgeAntialiasingMask":0,"height":216,"hidden":false,"anchorPoint":{"pointX":0.5,"pointY":0.5}},"texture":"9E3DE5E6F4352A76DD07373F8569FF68"}]}]},{"animations":[],"initialState":{"affineTransform":[1,0,0,1,0,0],"masksToBounds":false,"rotation":0,"scale":1,"position":{"pointX":950,"pointY":590},"width":1900,"sublayerTransform":[1,0,0,0,0,1,0,0,0,0,1,0,0,0,0,1],"contentsRect":{"y":0,"x":0,"width":1,"height":1},"opacity":1,"edgeAntialiasingMask":251658240,"height":1180,"hidden":false,"anchorPoint":{"pointX":0.5,"pointY":0.5}},"layers":[{"animations":[],"initialState":{"affineTransform":[1,0,0,1,0,0],"masksToBounds":false,"rotation":0,"scale":1,"position":{"pointX":1144.277137957039,"pointY":940.98923697842997},"width":223,"sublayerTransform":[1,0,0,0,0,1,0,0,0,0,1,0,0,0,0,1],"contentsRect":{"y":0,"x":0,"width":1,"height":1},"opacity":1,"edgeAntialiasingMask":251658240,"height":223,"hidden":false,"anchorPoint":{"pointX":0.5,"pointY":0.5}},"objectID":"A11B313C-D2E5-40A9-BABD-A157F26D3B9B","layers":[{"animations":[],"layers":[],"texturedRectangle":{"singleTextureOpacity":1,"textXHeight":0,"shapePath":{"lineWidth":1,"flatness":0.59999999999999998,"lineCapStyle":0,"elements":[{"type":"MoveToPoint","points":[[15.353588155820717,207.67943186371053]]},{"type":"AddLine","points":[[180.81443244475622,42.218587574775142]]},{"type":"AddLine","points":[[184.34996635068887,38.683053668842376]]}],"windingRule":0,"lineJoinStyle":0,"miterLimit":10},"isBackgroundTexture":true,"textBaseline":0,"isVerticalText":false,"textureType":5},"initialState":{"affineTransform":[1,0,0,1,0,0],"masksToBounds":false,"rotation":0,"scale":1,"position":{"pointX":109.72286204296097,"pointY":110.01076302157003},"width":223,"sublayerTransform":[1,0,0,0,0,1,0,0,0,0,1,0,0,0,0,1],"contentsRect":{"y":0,"x":0,"width":1,"height":1},"opacity":1,"edgeAntialiasingMask":0,"height":223,"hidden":true,"anchorPoint":{"pointX":0.5,"pointY":0.5}},"texture":"6B9E826454C92BFE75159D5AC3EC7799"}]}]}]}},{"effects":[{"beginTime":0,"baseLayer":{"animations":[],"initialState":{"affineTransform":[1,0,0,1,0,0],"masksToBounds":false,"rotation":0,"scale":1,"position":{"pointX":950,"pointY":590},"width":1900,"sublayerTransform":[1,0,0,0,0,1,0,0,0,0,1,0,0,0,0,1],"contentsRect":{"y":0,"x":0,"width":1,"height":1},"opacity":1,"edgeAntialiasingMask":251658240,"height":1180,"hidden":false,"anchorPoint":{"pointX":0.5,"pointY":0.5}},"objectID":"0","layers":[{"animations":[],"initialState":{"affineTransform":[1,0,0,1,0,0],"masksToBounds":false,"rotation":0,"scale":1,"position":{"pointX":950,"pointY":590},"width":1900,"sublayerTransform":[1,0,0,0,0,1,0,0,0,0,1,-0.00032041140223828868,0,0,0,1],"contentsRect":{"y":0,"x":0,"width":1,"height":1},"opacity":1,"edgeAntialiasingMask":251658240,"height":1180,"hidden":false,"anchorPoint":{"pointX":0.5,"pointY":0.5}},"layers":[{"animations":[{"timeOffset":0,"beginTime":0,"repeatCount":0,"animations":[{"timeOffset":0,"from":{"scalar":0},"beginTime":0,"repeatCount":0,"fillMode":"both","duration":1,"autoreverses":false,"timingFunction":"EaseInEaseOut","property":"zPosition","to":{"scalar":0}}],"fillMode":"both","autoreverses":false,"duration":1}],"initialState":{"affineTransform":[1,0,0,1,0,0],"masksToBounds":false,"rotation":0,"scale":1,"position":{"pointX":950,"pointY":590},"width":1900,"sublayerTransform":[1,0,0,0,0,1,0,0,0,0,1,0,0,0,0,1],"contentsRect":{"y":0,"x":0,"width":1,"height":1},"opacity":1,"edgeAntialiasingMask":251658240,"height":1180,"hidden":false,"anchorPoint":{"pointX":0.5,"pointY":0.5}},"layers":[{"animations":[],"layers":[],"texturedRectangle":{"isBackgroundTexture":true,"singleTextureOpacity":1,"textureType":1,"textBaseline":0,"textXHeight":0,"isVerticalText":false},"initialState":{"affineTransform":[1,0,0,1,0,0],"masksToBounds":false,"rotation":0,"scale":1,"position":{"pointX":950,"pointY":590},"width":1900,"sublayerTransform":[1,0,0,0,0,1,0,0,0,0,1,0,0,0,0,1],"contentsRect":{"y":0,"x":0,"width":1,"height":1},"opacity":1,"edgeAntialiasingMask":0,"height":1180,"hidden":false,"anchorPoint":{"pointX":0.5,"pointY":0.5}},"texture":"F98697E90F0E7F132168DD9768F98E4C"}]}]},{"animations":[{"timeOffset":0,"beginTime":0,"repeatCount":0,"animations":[{"timeOffset":0,"from":{"scalar":0.001},"beginTime":0,"repeatCount":0,"fillMode":"both","duration":1,"autoreverses":false,"timingFunction":"EaseInEaseOut","property":"zPosition","to":{"scalar":0.001}}],"fillMode":"both","autoreverses":false,"duration":1}],"initialState":{"affineTransform":[1,0,0,1,0,0],"masksToBounds":false,"rotation":0,"scale":1,"position":{"pointX":866.63751220703125,"pointY":474.96223449707031},"width":615.84375,"sublayerTransform":[1,0,0,0,0,1,0,0,0,0,1,0,0,0,0,1],"contentsRect":{"y":0,"x":0,"width":1,"height":1},"opacity":1,"edgeAntialiasingMask":251658240,"height":678.387939453125,"hidden":false,"anchorPoint":{"pointX":0.5,"pointY":0.5}},"layers":[{"animations":[{"timeOffset":0,"beginTime":0,"repeatCount":0,"animations":[{"timeOffset":0,"from":{"scalar":1},"beginTime":0,"repeatCount":0,"fillMode":"forwards","duration":0.33329999999999999,"autoreverses":false,"timingFunction":"EaseInEaseOut","property":"opacity","to":{"scalar":0}},{"timeOffset":0,"from":{"scalar":true},"beginTime":0.33329999999999999,"repeatCount":0,"fillMode":"forwards","property":"hidden","autoreverses":false,"duration":0.66670000000000007,"to":{"scalar":true}}],"fillMode":"both","autoreverses":false,"duration":1}],"layers":[],"texturedRectangle":{"isBackgroundTexture":true,"singleTextureOpacity":1,"textureType":5,"textBaseline":0,"textXHeight":0,"isVerticalText":false},"initialState":{"affineTransform":[1,0,0,1,0,0],"masksToBounds":false,"rotation":0,"scale":1,"position":{"pointX":359.67430877685547,"pointY":339.19396209716797},"width":733,"sublayerTransform":[1,0,0,0,0,1,0,0,0,0,1,0,0,0,0,1],"contentsRect":{"y":0,"x":0,"width":1,"height":1},"opacity":1,"edgeAntialiasingMask":0,"height":692,"hidden":false,"anchorPoint":{"pointX":0.49984985809534344,"pointY":0.49994541454866442}},"texture":"A1CA3FEE78A44C5AAEAD2C4774819651"}]},{"animations":[{"timeOffset":0,"beginTime":0,"repeatCount":0,"animations":[{"timeOffset":0,"from":{"scalar":0.002},"beginTime":0,"repeatCount":0,"fillMode":"both","duration":1,"autoreverses":false,"timingFunction":"EaseInEaseOut","property":"zPosition","to":{"scalar":0.002}}],"fillMode":"both","autoreverses":false,"duration":1}],"initialState":{"affineTransform":[1,0,0,1,0,0],"masksToBounds":false,"rotation":0,"scale":1,"position":{"pointX":918.38990783691406,"pointY":1008.0937957763672},"width":215.26284790039062,"sublayerTransform":[1,0,0,0,0,1,0,0,0,0,1,0,0,0,0,1],"contentsRect":{"y":0,"x":0,"width":1,"height":1},"opacity":1,"edgeAntialiasingMask":251658240,"height":239.64901733398438,"hidden":false,"anchorPoint":{"pointX":0.5,"pointY":0.5}},"layers":[{"animations":[{"timeOffset":0,"beginTime":0,"repeatCount":0,"animations":[{"timeOffset":0,"from":{"scalar":1},"beginTime":0,"repeatCount":0,"fillMode":"both","duration":1,"autoreverses":false,"timingFunction":"EaseInEaseOut","property":"transform.scale.x","to":{"scalar":1}},{"timeOffset":0,"from":{"scalar":1},"beginTime":0,"repeatCount":0,"fillMode":"both","duration":1,"autoreverses":false,"timingFunction":"EaseInEaseOut","property":"transform.scale.y","to":{"scalar":1.0041322314049588}},{"timeOffset":0,"from":{"texture":"8DD8A8AFCC162AF0FD1FA7284482DA42"},"beginTime":0.33330000000000004,"repeatCount":0,"fillMode":"both","duration":0.66669999999999996,"autoreverses":false,"timingFunction":"EaseInEaseOut","property":"contents","to":{"texture":"C2EA6E625B7C0CC1937654A00748F9A8"}},{"timeOffset":0,"from":{"pointX":0,"pointY":0},"beginTime":0,"repeatCount":0,"fillMode":"both","duration":1,"autoreverses":false,"timingFunction":"EaseInEaseOut","property":"transform.translation","to":{"pointX":-776,"pointY":31.500387585852877}}],"fillMode":"both","autoreverses":false,"duration":1}],"layers":[],"texturedRectangle":{"singleTextureOpacity":1,"textXHeight":0,"shapePath":{"lineWidth":1,"flatness":0.59999999999999998,"lineCapStyle":0,"elements":[{"type":"MoveToPoint","points":[[52.167175263948479,8.269287109375]]},{"type":"AddLine","points":[[166.61264040987976,8.269287109375]]},{"type":"AddCurve","points":[[179.05781436198686,8.269287109375],[185.37689935952733,8.269287109375],[192.08913659742643,10.396506163707386]]},{"type":"AddCurve","points":[[199.43445079743879,13.069981893844783],[205.22063700263959,18.85616809904559],[207.89411273277699,26.201482299058057]]},{"type":"AddCurve","points":[[210.02133178710938,32.913719536957046],[210.02133178710938,39.232804534497518],[210.02133178710938,51.870974529578461]]},{"type":"AddLine","points":[[210.02133178710938,190.50961306612976]]},{"type":"AddCurve","points":[[210.02133178710938,202.95478701823686],[210.02133178710938,209.27387201577721],[207.89411273277699,215.98610925367643]]},{"type":"AddCurve","points":[[205.22063700263959,223.33142345368879],[199.43445079743879,229.11760965888971],[192.08913659742643,231.79108538902688]]},{"type":"AddCurve","points":[[185.37689935952733,233.91830444335938],[179.05781436198686,233.91830444335938],[166.41964436690591,233.91830444335938]]},{"type":"AddLine","points":[[52.167175263948479,233.91830444335938]]},{"type":"AddCurve","points":[[39.722001311841268,233.91830444335938],[33.402916314300796,233.91830444335938],[26.690679076401693,231.79108538902688]]},{"type":"AddCurve","points":[[19.34536487638934,229.11760965888971],[13.559178671188533,223.33142345368879],[10.885702941051136,215.98610925367643]]},{"type":"AddCurve","points":[[8.75848388671875,209.27387201577721],[8.75848388671875,202.95478701823686],[8.75848388671875,190.31661702315591]]},{"type":"AddLine","points":[[8.75848388671875,51.677978486604729]]},{"type":"AddCurve","points":[[8.75848388671875,39.232804534497518],[8.75848388671875,32.913719536957046],[10.885702941051136,26.201482299058057]]},{"type":"AddCurve","points":[[13.559178671188533,18.85616809904559],[19.34536487638934,13.069981893844783],[26.690679076401807,10.396506163707386]]},{"type":"AddCurve","points":[[33.402916314300796,8.269287109375],[39.722001311841268,8.269287109375],[52.360171306922211,8.269287109375]]},{"type":"CloseSubpath"},{"type":"MoveToPoint","points":[[52.167175263948479,8.269287109375]]}],"windingRule":0,"lineJoinStyle":0,"miterLimit":10},"isBackgroundTexture":true,"textBaseline":0,"isVerticalText":false,"textureType":5},"initialState":{"affineTransform":[1,0,0,1,0,0],"masksToBounds":false,"rotation":0,"scale":1,"position":{"pointX":107.63142395019531,"pointY":119.82450866699219},"width":219,"sublayerTransform":[1,0,0,0,0,1,0,0,0,0,1,0,0,0,0,1],"contentsRect":{"y":0,"x":0,"width":1,"height":1},"opacity":1,"edgeAntialiasingMask":0,"height":242,"hidden":false,"anchorPoint":{"pointX":0.49949729605896831,"pointY":0.500387585852757}},"texture":"8DD8A8AFCC162AF0FD1FA7284482DA42"}]},{"animations":[{"timeOffset":0,"beginTime":0,"repeatCount":0,"animations":[{"timeOffset":0,"from":{"scalar":0.0030000000000000001},"beginTime":0,"repeatCount":0,"fillMode":"both","duration":1,"autoreverses":false,"timingFunction":"EaseInEaseOut","property":"zPosition","to":{"scalar":0.0030000000000000001}}],"fillMode":"both","autoreverses":false,"duration":1}],"initialState":{"affineTransform":[1,0,0,1,0,0],"masksToBounds":false,"rotation":0,"scale":1,"position":{"pointX":583.435791015625,"pointY":788.65740966796875},"width":112,"sublayerTransform":[1,0,0,0,0,1,0,0,0,0,1,0,0,0,0,1],"contentsRect":{"y":0,"x":0,"width":1,"height":1},"opacity":1,"edgeAntialiasingMask":251658240,"height":112,"hidden":false,"anchorPoint":{"pointX":0.5,"pointY":0.5}},"layers":[{"animations":[{"timeOffset":0,"beginTime":0,"repeatCount":0,"animations":[{"timeOffset":0,"from":{"scalar":1},"beginTime":0,"repeatCount":0,"fillMode":"forwards","duration":0.33329999999999999,"autoreverses":false,"timingFunction":"EaseInEaseOut","property":"opacity","to":{"scalar":0}},{"timeOffset":0,"from":{"scalar":true},"beginTime":0.33329999999999999,"repeatCount":0,"fillMode":"forwards","property":"hidden","autoreverses":false,"duration":0.66670000000000007,"to":{"scalar":true}}],"fillMode":"both","autoreverses":false,"duration":1}],"layers":[],"texturedRectangle":{"singleTextureOpacity":1,"textXHeight":0,"shapePath":{"lineWidth":1,"flatness":0.59999999999999998,"lineCapStyle":0,"elements":[{"type":"MoveToPoint","points":[[92.791130065917969,22.302070617675781]]},{"type":"AddCurve","points":[[112.31734466552734,41.828285217285156],[112.31734466552734,73.486534118652344],[92.791130065917969,93.012748718261719]]},{"type":"AddCurve","points":[[73.264915466308594,112.53896331787109],[41.606666564941406,112.53896331787109],[22.080451965332031,93.012748718261719]]},{"type":"AddCurve","points":[[2.5542373657226562,73.486534118652344],[2.5542373657226562,41.828285217285156],[22.080451965332031,22.302070617675781]]},{"type":"AddCurve","points":[[41.606666564941406,2.7758560180664062],[73.264915466308594,2.7758560180664062],[92.791130065917969,22.302070617675781]]},{"type":"CloseSubpath"},{"type":"MoveToPoint","points":[[92.791130065917969,22.302070617675781]]}],"windingRule":0,"lineJoinStyle":0,"miterLimit":10},"isBackgroundTexture":true,"textBaseline":0,"isVerticalText":false,"textureType":5},"initialState":{"affineTransform":[1,0,0,1,0,0],"masksToBounds":false,"rotation":0,"scale":1,"position":{"pointX":56,"pointY":56},"width":115,"sublayerTransform":[1,0,0,0,0,1,0,0,0,0,1,0,0,0,0,1],"contentsRect":{"y":0,"x":0,"width":1,"height":1},"opacity":1,"edgeAntialiasingMask":0,"height":115,"hidden":false,"anchorPoint":{"pointX":0.4994416610054348,"pointY":0.50136877972146743}},"texture":"908AE8F7A88DBC5765A87F9CC245305F"}]},{"animations":[{"timeOffset":0,"beginTime":0,"repeatCount":0,"animations":[{"timeOffset":0,"from":{"scalar":0.0040000000000000001},"beginTime":0,"repeatCount":0,"fillMode":"both","duration":1,"autoreverses":false,"timingFunction":"EaseInEaseOut","property":"zPosition","to":{"scalar":0.0040000000000000001}}],"fillMode":"both","autoreverses":false,"duration":1}],"initialState":{"affineTransform":[1,0,0,1,0,0],"masksToBounds":false,"rotation":0,"scale":1,"position":{"pointX":1256.28466796875,"pointY":788.65740966796875},"width":112,"sublayerTransform":[1,0,0,0,0,1,0,0,0,0,1,0,0,0,0,1],"contentsRect":{"y":0,"x":0,"width":1,"height":1},"opacity":1,"edgeAntialiasingMask":251658240,"height":112,"hidden":false,"anchorPoint":{"pointX":0.5,"pointY":0.5}},"layers":[{"animations":[{"timeOffset":0,"beginTime":0,"repeatCount":0,"animations":[{"timeOffset":0,"from":{"scalar":1},"beginTime":0,"repeatCount":0,"fillMode":"forwards","duration":0.33329999999999999,"autoreverses":false,"timingFunction":"EaseInEaseOut","property":"opacity","to":{"scalar":0}},{"timeOffset":0,"from":{"scalar":true},"beginTime":0.33329999999999999,"repeatCount":0,"fillMode":"forwards","property":"hidden","autoreverses":false,"duration":0.66670000000000007,"to":{"scalar":true}}],"fillMode":"both","autoreverses":false,"duration":1}],"layers":[],"texturedRectangle":{"singleTextureOpacity":1,"textXHeight":0,"shapePath":{"lineWidth":1,"flatness":0.59999999999999998,"lineCapStyle":0,"elements":[{"type":"MoveToPoint","points":[[92.640007019042969,22.302070617675781]]},{"type":"AddCurve","points":[[112.16622161865234,41.828285217285156],[112.16622161865234,73.486534118652344],[92.640007019042969,93.012748718261719]]},{"type":"AddCurve","points":[[73.113792419433594,112.53896331787109],[41.455543518066406,112.53896331787109],[21.929328918457031,93.012748718261719]]},{"type":"AddCurve","points":[[2.4031143188476562,73.486534118652344],[2.4031143188476562,41.828285217285156],[21.929328918457031,22.302070617675781]]},{"type":"AddCurve","points":[[41.455543518066406,2.7758560180664062],[73.113792419433594,2.7758560180664062],[92.640007019042969,22.302070617675781]]},{"type":"CloseSubpath"},{"type":"MoveToPoint","points":[[92.640007019042969,22.302070617675781]]}],"windingRule":0,"lineJoinStyle":0,"miterLimit":10},"isBackgroundTexture":true,"textBaseline":0,"isVerticalText":false,"textureType":5},"initialState":{"affineTransform":[1,0,0,1,0,0],"masksToBounds":false,"rotation":0,"scale":1,"position":{"pointX":56,"pointY":56},"width":115,"sublayerTransform":[1,0,0,0,0,1,0,0,0,0,1,0,0,0,0,1],"contentsRect":{"y":0,"x":0,"width":1,"height":1},"opacity":1,"edgeAntialiasingMask":0,"height":115,"hidden":false,"anchorPoint":{"pointX":0.49812754755434785,"pointY":0.50136877972146743}},"texture":"303782521035EC56592A28AF1CDD8634"}]},{"animations":[{"timeOffset":0,"beginTime":0,"repeatCount":0,"animations":[{"timeOffset":0,"from":{"scalar":0.0050000000000000001},"beginTime":0,"repeatCount":0,"fillMode":"both","duration":1,"autoreverses":false,"timingFunction":"EaseInEaseOut","property":"zPosition","to":{"scalar":0.0050000000000000001}}],"fillMode":"both","autoreverses":false,"duration":1}],"initialState":{"affineTransform":[1,0,0,1,0,0],"masksToBounds":false,"rotation":0,"scale":1,"position":{"pointX":701.19049076334329,"pointY":942.9080810546875},"width":262.39697273762431,"sublayerTransform":[1,0,0,0,0,1,0,0,0,0,1,0,0,0,0,1],"contentsRect":{"y":0,"x":0,"width":1,"height":1},"opacity":1,"edgeAntialiasingMask":251658240,"height":38.399999999999977,"hidden":false,"anchorPoint":{"pointX":0.5,"pointY":0.5}},"layers":[{"animations":[{"timeOffset":0,"beginTime":0,"repeatCount":0,"animations":[{"timeOffset":0,"from":{"scalar":1},"beginTime":0,"repeatCount":0,"fillMode":"forwards","duration":0.33329999999999999,"autoreverses":false,"timingFunction":"EaseInEaseOut","property":"opacity","to":{"scalar":0}},{"timeOffset":0,"from":{"scalar":true},"beginTime":0.33329999999999999,"repeatCount":0,"fillMode":"forwards","property":"hidden","autoreverses":false,"duration":0.66670000000000007,"to":{"scalar":true}},{"timeOffset":0,"from":{"scalar":0.7853981633974485},"beginTime":0,"repeatCount":0,"fillMode":"forwards","property":"transform.rotation.z","autoreverses":false,"duration":1,"to":{"scalar":0.7853981633974485}}],"fillMode":"both","autoreverses":false,"duration":1}],"layers":[],"texturedRectangle":{"singleTextureOpacity":1,"textXHeight":0,"shapePath":{"lineWidth":1,"flatness":0.59999999999999998,"lineCapStyle":0,"elements":[{"type":"MoveToPoint","points":[[40.419151358628483,-71.863258309340267]]},{"type":"AddLine","points":[[198.80892974666085,86.526520078692101]]},{"type":"AddLine","points":[[202.3444636525935,90.062053984624868]]}],"windingRule":0,"lineJoinStyle":0,"miterLimit":10},"isBackgroundTexture":true,"textBaseline":0,"isVerticalText":false,"textureType":5},"initialState":{"affineTransform":[0.70710678118654746,0.70710678118654768,-0.70710678118654768,0.70710678118654746,0,0],"masksToBounds":false,"rotation":0.7853981633974485,"scale":1,"position":{"pointX":131.198486328125,"pointY":19.200000000000045},"width":266,"sublayerTransform":[1,0,0,0,0,1,0,0,0,0,1,0,0,0,0,1],"contentsRect":{"y":0,"x":0,"width":1,"height":1},"opacity":1,"edgeAntialiasingMask":0,"height":42,"hidden":false,"anchorPoint":{"pointX":0.50071613053630126,"pointY":0.4978114536830357}},"texture":"9D3A4F29675AD14F63B86DA014FA4360"}]},{"animations":[{"timeOffset":0,"beginTime":0,"repeatCount":0,"animations":[{"timeOffset":0,"from":{"scalar":0.0060000000000000001},"beginTime":0,"repeatCount":0,"fillMode":"both","duration":1,"autoreverses":false,"timingFunction":"EaseInEaseOut","property":"zPosition","to":{"scalar":0.0060000000000000001}}],"fillMode":"both","autoreverses":false,"duration":1}],"initialState":{"affineTransform":[1,0,0,1,0,0],"masksToBounds":false,"rotation":0,"scale":1,"position":{"pointX":1142.6604601152139,"pointY":939.37255859375023},"width":272.39697003511537,"sublayerTransform":[1,0,0,0,0,1,0,0,0,0,1,0,0,0,0,1],"contentsRect":{"y":0,"x":0,"width":1,"height":1},"opacity":1,"edgeAntialiasingMask":251658240,"height":38.399999999999977,"hidden":false,"anchorPoint":{"pointX":0.5,"pointY":0.5}},"layers":[{"animations":[{"timeOffset":0,"beginTime":0,"repeatCount":0,"animations":[{"timeOffset":0,"from":{"scalar":1},"beginTime":0,"repeatCount":0,"fillMode":"forwards","duration":0.33329999999999999,"autoreverses":false,"timingFunction":"EaseInEaseOut","property":"opacity","to":{"scalar":0}},{"timeOffset":0,"from":{"scalar":true},"beginTime":0.33329999999999999,"repeatCount":0,"fillMode":"forwards","property":"hidden","autoreverses":false,"duration":0.66670000000000007,"to":{"scalar":true}},{"timeOffset":0,"from":{"scalar":-0.78539816339744817},"beginTime":0,"repeatCount":0,"fillMode":"forwards","property":"transform.rotation.z","autoreverses":false,"duration":1,"to":{"scalar":-0.78539816339744817}}],"fillMode":"both","autoreverses":false,"duration":1}],"layers":[],"texturedRectangle":{"singleTextureOpacity":1,"textXHeight":0,"shapePath":{"lineWidth":1,"flatness":0.59999999999999998,"lineCapStyle":0,"elements":[{"type":"MoveToPoint","points":[[41.353588155820717,116.67943186371053]]},{"type":"AddLine","points":[[206.81443244475622,-48.781412425224858]]},{"type":"AddLine","points":[[210.34996635068887,-52.316946331157624]]}],"windingRule":0,"lineJoinStyle":0,"miterLimit":10},"isBackgroundTexture":true,"textBaseline":0,"isVerticalText":false,"textureType":5},"initialState":{"affineTransform":[0.70710678118654768,-0.70710678118654746,0.70710678118654746,0.70710678118654768,0,0],"masksToBounds":false,"rotation":-0.78539816339744817,"scale":1,"position":{"pointX":136.198486328125,"pointY":19.199999999999932},"width":275,"sublayerTransform":[1,0,0,0,0,1,0,0,0,0,1,0,0,0,0,1],"contentsRect":{"y":0,"x":0,"width":1,"height":1},"opacity":1,"edgeAntialiasingMask":0,"height":41,"hidden":false,"anchorPoint":{"pointX":0.50058349609374997,"pointY":0.49689167301829545}},"texture":"0687A7B70C65715B9BB10CAF09D656A7"}]},{"animations":[{"timeOffset":0,"beginTime":0,"repeatCount":0,"animations":[{"timeOffset":0,"from":{"scalar":0.0070000000000000001},"beginTime":0,"repeatCount":0,"fillMode":"both","duration":1,"autoreverses":false,"timingFunction":"EaseInEaseOut","property":"zPosition","to":{"scalar":0.0070000000000000001}}],"fillMode":"both","autoreverses":false,"duration":1}],"initialState":{"affineTransform":[1,0,0,1,0,0],"masksToBounds":false,"rotation":0,"scale":1,"position":{"pointX":658.71539306640625,"pointY":1039.3028564453125},"width":766.4433479309082,"sublayerTransform":[1,0,0,0,0,1,0,0,0,0,1,0,0,0,0,1],"contentsRect":{"y":0,"x":0,"width":1,"height":1},"opacity":1,"edgeAntialiasingMask":251658240,"height":79.842913150787354,"hidden":false,"anchorPoint":{"pointX":0.5,"pointY":0.5}},"layers":[{"animations":[{"timeOffset":0,"beginTime":0,"repeatCount":0,"animations":[{"timeOffset":0,"from":{"scalar":0},"beginTime":0.66670000000000007,"repeatCount":0,"fillMode":"both","duration":0.33329999999999999,"autoreverses":false,"timingFunction":"EaseInEaseOut","property":"opacity","to":{"scalar":1}},{"timeOffset":0,"from":{"scalar":false},"beginTime":0.66670000000000007,"repeatCount":0,"fillMode":"forwards","property":"hidden","autoreverses":false,"duration":0.33329999999999993,"to":{"scalar":false}}],"fillMode":"both","autoreverses":false,"duration":1}],"layers":[],"texturedRectangle":{"singleTextureOpacity":1,"textXHeight":0.53482758620689652,"textBaseline":0.78298163414001465,"isBackgroundTexture":true,"isVerticalText":false,"textColor":[0.9999966025352478,0.99999994039535522,0.99999994039535522,1],"textureType":6},"initialState":{"affineTransform":[1,0,0,1,0,0],"masksToBounds":false,"rotation":0,"scale":1,"position":{"pointX":383.22166674613959,"pointY":39.921458005905151},"width":760,"sublayerTransform":[1,0,0,0,0,1,0,0,0,0,1,0,0,0,0,1],"contentsRect":{"y":0,"x":0,"width":1,"height":1},"opacity":1,"edgeAntialiasingMask":0,"height":58,"hidden":true,"anchorPoint":{"pointX":0.49962550769354175,"pointY":0.38453203234179267}},"texture":"379D323DFC629C24780FFC1552833D85"}]}]},"effects":[],"duration":1,"type":"transition","name":"apple:magic-move-implied-motion-path","objectID":"0"}],"automaticPlay":false,"hyperlinks":[],"accessibility":[{"text":"Bloc","targetRectangle":{"y":973.92195635475218,"x":860.79848388671871,"width":115.17000000000007,"height":66.404617309570312}}],"baseLayer":{"animations":[],"initialState":{"affineTransform":[1,0,0,1,0,0],"masksToBounds":false,"rotation":0,"scale":1,"position":{"pointX":950,"pointY":590},"width":1900,"sublayerTransform":[1,0,0,0,0,1,0,0,0,0,1,0,0,0,0,1],"contentsRect":{"y":0,"x":0,"width":1,"height":1},"opacity":1,"edgeAntialiasingMask":251658240,"height":1180,"hidden":false,"anchorPoint":{"pointX":0.5,"pointY":0.5}},"objectID":"0","layers":[{"animations":[],"initialState":{"affineTransform":[1,0,0,1,0,0],"masksToBounds":false,"rotation":0,"scale":1,"position":{"pointX":950,"pointY":590},"width":1900,"sublayerTransform":[1,0,0,0,0,1,0,0,0,0,1,-0.00032041140223828868,0,0,0,1],"contentsRect":{"y":0,"x":0,"width":1,"height":1},"opacity":1,"edgeAntialiasingMask":251658240,"height":1180,"hidden":false,"anchorPoint":{"pointX":0.5,"pointY":0.5}},"layers":[{"animations":[],"initialState":{"affineTransform":[1,0,0,1,0,0],"masksToBounds":false,"rotation":0,"scale":1,"position":{"pointX":950,"pointY":590},"width":1900,"sublayerTransform":[1,0,0,0,0,1,0,0,0,0,1,0,0,0,0,1],"contentsRect":{"y":0,"x":0,"width":1,"height":1},"opacity":1,"edgeAntialiasingMask":251658240,"height":1180,"hidden":false,"anchorPoint":{"pointX":0.5,"pointY":0.5}},"layers":[{"animations":[],"layers":[],"texturedRectangle":{"isBackgroundTexture":true,"singleTextureOpacity":1,"textureType":1,"textBaseline":0,"textXHeight":0,"isVerticalText":false},"initialState":{"affineTransform":[1,0,0,1,0,0],"masksToBounds":false,"rotation":0,"scale":1,"position":{"pointX":950,"pointY":590},"width":1900,"sublayerTransform":[1,0,0,0,0,1,0,0,0,0,1,0,0,0,0,1],"contentsRect":{"y":0,"x":0,"width":1,"height":1},"opacity":1,"edgeAntialiasingMask":0,"height":1180,"hidden":false,"anchorPoint":{"pointX":0.5,"pointY":0.5}},"texture":"F98697E90F0E7F132168DD9768F98E4C"}]}]},{"animations":[],"initialState":{"affineTransform":[1,0,0,1,0,0],"masksToBounds":false,"rotation":0,"scale":1,"position":{"pointX":866.63751220703125,"pointY":474.96223449707031},"width":615.84375,"sublayerTransform":[1,0,0,0,0,1,0,0,0,0,1,0,0,0,0,1],"contentsRect":{"y":0,"x":0,"width":1,"height":1},"opacity":1,"edgeAntialiasingMask":251658240,"height":678.387939453125,"hidden":false,"anchorPoint":{"pointX":0.5,"pointY":0.5}},"layers":[{"animations":[],"layers":[],"texturedRectangle":{"isBackgroundTexture":true,"singleTextureOpacity":1,"textureType":5,"textBaseline":0,"textXHeight":0,"isVerticalText":false},"initialState":{"affineTransform":[1,0,0,1,0,0],"masksToBounds":false,"rotation":0,"scale":1,"position":{"pointX":359.67430877685547,"pointY":339.19396209716797},"width":733,"sublayerTransform":[1,0,0,0,0,1,0,0,0,0,1,0,0,0,0,1],"contentsRect":{"y":0,"x":0,"width":1,"height":1},"opacity":1,"edgeAntialiasingMask":0,"height":692,"hidden":false,"anchorPoint":{"pointX":0.49984985809534344,"pointY":0.49994541454866442}},"texture":"A1CA3FEE78A44C5AAEAD2C4774819651"}]},{"animations":[],"initialState":{"affineTransform":[1,0,0,1,0,0],"masksToBounds":false,"rotation":0,"scale":1,"position":{"pointX":918.38990783691406,"pointY":1008.0937957763672},"width":215.26284790039062,"sublayerTransform":[1,0,0,0,0,1,0,0,0,0,1,0,0,0,0,1],"contentsRect":{"y":0,"x":0,"width":1,"height":1},"opacity":1,"edgeAntialiasingMask":251658240,"height":239.64901733398438,"hidden":false,"anchorPoint":{"pointX":0.5,"pointY":0.5}},"layers":[{"animations":[],"layers":[],"texturedRectangle":{"singleTextureOpacity":1,"textXHeight":0,"shapePath":{"lineWidth":1,"flatness":0.59999999999999998,"lineCapStyle":0,"elements":[{"type":"MoveToPoint","points":[[52.167175263948479,8.269287109375]]},{"type":"AddLine","points":[[166.61264040987976,8.269287109375]]},{"type":"AddCurve","points":[[179.05781436198686,8.269287109375],[185.37689935952733,8.269287109375],[192.08913659742643,10.396506163707386]]},{"type":"AddCurve","points":[[199.43445079743879,13.069981893844783],[205.22063700263959,18.85616809904559],[207.89411273277699,26.201482299058057]]},{"type":"AddCurve","points":[[210.02133178710938,32.913719536957046],[210.02133178710938,39.232804534497518],[210.02133178710938,51.870974529578461]]},{"type":"AddLine","points":[[210.02133178710938,190.50961306612976]]},{"type":"AddCurve","points":[[210.02133178710938,202.95478701823686],[210.02133178710938,209.27387201577721],[207.89411273277699,215.98610925367643]]},{"type":"AddCurve","points":[[205.22063700263959,223.33142345368879],[199.43445079743879,229.11760965888971],[192.08913659742643,231.79108538902688]]},{"type":"AddCurve","points":[[185.37689935952733,233.91830444335938],[179.05781436198686,233.91830444335938],[166.41964436690591,233.91830444335938]]},{"type":"AddLine","points":[[52.167175263948479,233.91830444335938]]},{"type":"AddCurve","points":[[39.722001311841268,233.91830444335938],[33.402916314300796,233.91830444335938],[26.690679076401693,231.79108538902688]]},{"type":"AddCurve","points":[[19.34536487638934,229.11760965888971],[13.559178671188533,223.33142345368879],[10.885702941051136,215.98610925367643]]},{"type":"AddCurve","points":[[8.75848388671875,209.27387201577721],[8.75848388671875,202.95478701823686],[8.75848388671875,190.31661702315591]]},{"type":"AddLine","points":[[8.75848388671875,51.677978486604729]]},{"type":"AddCurve","points":[[8.75848388671875,39.232804534497518],[8.75848388671875,32.913719536957046],[10.885702941051136,26.201482299058057]]},{"type":"AddCurve","points":[[13.559178671188533,18.85616809904559],[19.34536487638934,13.069981893844783],[26.690679076401807,10.396506163707386]]},{"type":"AddCurve","points":[[33.402916314300796,8.269287109375],[39.722001311841268,8.269287109375],[52.360171306922211,8.269287109375]]},{"type":"CloseSubpath"},{"type":"MoveToPoint","points":[[52.167175263948479,8.269287109375]]}],"windingRule":0,"lineJoinStyle":0,"miterLimit":10},"isBackgroundTexture":true,"textBaseline":0,"isVerticalText":false,"textureType":5},"initialState":{"affineTransform":[1,0,0,1,0,0],"masksToBounds":false,"rotation":0,"scale":1,"position":{"pointX":107.63142395019531,"pointY":119.82450866699219},"width":219,"sublayerTransform":[1,0,0,0,0,1,0,0,0,0,1,0,0,0,0,1],"contentsRect":{"y":0,"x":0,"width":1,"height":1},"opacity":1,"edgeAntialiasingMask":0,"height":242,"hidden":false,"anchorPoint":{"pointX":0.49949729605896831,"pointY":0.500387585852757}},"texture":"8DD8A8AFCC162AF0FD1FA7284482DA42"}]},{"animations":[],"initialState":{"affineTransform":[1,0,0,1,0,0],"masksToBounds":false,"rotation":0,"scale":1,"position":{"pointX":583.435791015625,"pointY":788.65740966796875},"width":112,"sublayerTransform":[1,0,0,0,0,1,0,0,0,0,1,0,0,0,0,1],"contentsRect":{"y":0,"x":0,"width":1,"height":1},"opacity":1,"edgeAntialiasingMask":251658240,"height":112,"hidden":false,"anchorPoint":{"pointX":0.5,"pointY":0.5}},"layers":[{"animations":[],"layers":[],"texturedRectangle":{"singleTextureOpacity":1,"textXHeight":0,"shapePath":{"lineWidth":1,"flatness":0.59999999999999998,"lineCapStyle":0,"elements":[{"type":"MoveToPoint","points":[[92.791130065917969,22.302070617675781]]},{"type":"AddCurve","points":[[112.31734466552734,41.828285217285156],[112.31734466552734,73.486534118652344],[92.791130065917969,93.012748718261719]]},{"type":"AddCurve","points":[[73.264915466308594,112.53896331787109],[41.606666564941406,112.53896331787109],[22.080451965332031,93.012748718261719]]},{"type":"AddCurve","points":[[2.5542373657226562,73.486534118652344],[2.5542373657226562,41.828285217285156],[22.080451965332031,22.302070617675781]]},{"type":"AddCurve","points":[[41.606666564941406,2.7758560180664062],[73.264915466308594,2.7758560180664062],[92.791130065917969,22.302070617675781]]},{"type":"CloseSubpath"},{"type":"MoveToPoint","points":[[92.791130065917969,22.302070617675781]]}],"windingRule":0,"lineJoinStyle":0,"miterLimit":10},"isBackgroundTexture":true,"textBaseline":0,"isVerticalText":false,"textureType":5},"initialState":{"affineTransform":[1,0,0,1,0,0],"masksToBounds":false,"rotation":0,"scale":1,"position":{"pointX":56,"pointY":56},"width":115,"sublayerTransform":[1,0,0,0,0,1,0,0,0,0,1,0,0,0,0,1],"contentsRect":{"y":0,"x":0,"width":1,"height":1},"opacity":1,"edgeAntialiasingMask":0,"height":115,"hidden":false,"anchorPoint":{"pointX":0.4994416610054348,"pointY":0.50136877972146743}},"texture":"908AE8F7A88DBC5765A87F9CC245305F"}]},{"animations":[],"initialState":{"affineTransform":[1,0,0,1,0,0],"masksToBounds":false,"rotation":0,"scale":1,"position":{"pointX":1256.28466796875,"pointY":788.65740966796875},"width":112,"sublayerTransform":[1,0,0,0,0,1,0,0,0,0,1,0,0,0,0,1],"contentsRect":{"y":0,"x":0,"width":1,"height":1},"opacity":1,"edgeAntialiasingMask":251658240,"height":112,"hidden":false,"anchorPoint":{"pointX":0.5,"pointY":0.5}},"layers":[{"animations":[],"layers":[],"texturedRectangle":{"singleTextureOpacity":1,"textXHeight":0,"shapePath":{"lineWidth":1,"flatness":0.59999999999999998,"lineCapStyle":0,"elements":[{"type":"MoveToPoint","points":[[92.640007019042969,22.302070617675781]]},{"type":"AddCurve","points":[[112.16622161865234,41.828285217285156],[112.16622161865234,73.486534118652344],[92.640007019042969,93.012748718261719]]},{"type":"AddCurve","points":[[73.113792419433594,112.53896331787109],[41.455543518066406,112.53896331787109],[21.929328918457031,93.012748718261719]]},{"type":"AddCurve","points":[[2.4031143188476562,73.486534118652344],[2.4031143188476562,41.828285217285156],[21.929328918457031,22.302070617675781]]},{"type":"AddCurve","points":[[41.455543518066406,2.7758560180664062],[73.113792419433594,2.7758560180664062],[92.640007019042969,22.302070617675781]]},{"type":"CloseSubpath"},{"type":"MoveToPoint","points":[[92.640007019042969,22.302070617675781]]}],"windingRule":0,"lineJoinStyle":0,"miterLimit":10},"isBackgroundTexture":true,"textBaseline":0,"isVerticalText":false,"textureType":5},"initialState":{"affineTransform":[1,0,0,1,0,0],"masksToBounds":false,"rotation":0,"scale":1,"position":{"pointX":56,"pointY":56},"width":115,"sublayerTransform":[1,0,0,0,0,1,0,0,0,0,1,0,0,0,0,1],"contentsRect":{"y":0,"x":0,"width":1,"height":1},"opacity":1,"edgeAntialiasingMask":0,"height":115,"hidden":false,"anchorPoint":{"pointX":0.49812754755434785,"pointY":0.50136877972146743}},"texture":"303782521035EC56592A28AF1CDD8634"}]},{"animations":[],"initialState":{"affineTransform":[1,0,0,1,0,0],"masksToBounds":false,"rotation":0,"scale":1,"position":{"pointX":701.19049076334329,"pointY":942.9080810546875},"width":262.39697273762431,"sublayerTransform":[1,0,0,0,0,1,0,0,0,0,1,0,0,0,0,1],"contentsRect":{"y":0,"x":0,"width":1,"height":1},"opacity":1,"edgeAntialiasingMask":251658240,"height":38.399999999999977,"hidden":false,"anchorPoint":{"pointX":0.5,"pointY":0.5}},"layers":[{"animations":[],"layers":[],"texturedRectangle":{"singleTextureOpacity":1,"textXHeight":0,"shapePath":{"lineWidth":1,"flatness":0.59999999999999998,"lineCapStyle":0,"elements":[{"type":"MoveToPoint","points":[[40.419151358628483,-71.863258309340267]]},{"type":"AddLine","points":[[198.80892974666085,86.526520078692101]]},{"type":"AddLine","points":[[202.3444636525935,90.062053984624868]]}],"windingRule":0,"lineJoinStyle":0,"miterLimit":10},"isBackgroundTexture":true,"textBaseline":0,"isVerticalText":false,"textureType":5},"initialState":{"affineTransform":[0.70710678118654746,0.70710678118654768,-0.70710678118654768,0.70710678118654746,0,0],"masksToBounds":false,"rotation":0.7853981633974485,"scale":1,"position":{"pointX":131.198486328125,"pointY":19.200000000000045},"width":266,"sublayerTransform":[1,0,0,0,0,1,0,0,0,0,1,0,0,0,0,1],"contentsRect":{"y":0,"x":0,"width":1,"height":1},"opacity":1,"edgeAntialiasingMask":0,"height":42,"hidden":false,"anchorPoint":{"pointX":0.50071613053630126,"pointY":0.4978114536830357}},"texture":"9D3A4F29675AD14F63B86DA014FA4360"}]},{"animations":[],"initialState":{"affineTransform":[1,0,0,1,0,0],"masksToBounds":false,"rotation":0,"scale":1,"position":{"pointX":1142.6604601152139,"pointY":939.37255859375023},"width":272.39697003511537,"sublayerTransform":[1,0,0,0,0,1,0,0,0,0,1,0,0,0,0,1],"contentsRect":{"y":0,"x":0,"width":1,"height":1},"opacity":1,"edgeAntialiasingMask":251658240,"height":38.399999999999977,"hidden":false,"anchorPoint":{"pointX":0.5,"pointY":0.5}},"layers":[{"animations":[],"layers":[],"texturedRectangle":{"singleTextureOpacity":1,"textXHeight":0,"shapePath":{"lineWidth":1,"flatness":0.59999999999999998,"lineCapStyle":0,"elements":[{"type":"MoveToPoint","points":[[41.353588155820717,116.67943186371053]]},{"type":"AddLine","points":[[206.81443244475622,-48.781412425224858]]},{"type":"AddLine","points":[[210.34996635068887,-52.316946331157624]]}],"windingRule":0,"lineJoinStyle":0,"miterLimit":10},"isBackgroundTexture":true,"textBaseline":0,"isVerticalText":false,"textureType":5},"initialState":{"affineTransform":[0.70710678118654768,-0.70710678118654746,0.70710678118654746,0.70710678118654768,0,0],"masksToBounds":false,"rotation":-0.78539816339744817,"scale":1,"position":{"pointX":136.198486328125,"pointY":19.199999999999932},"width":275,"sublayerTransform":[1,0,0,0,0,1,0,0,0,0,1,0,0,0,0,1],"contentsRect":{"y":0,"x":0,"width":1,"height":1},"opacity":1,"edgeAntialiasingMask":0,"height":41,"hidden":false,"anchorPoint":{"pointX":0.50058349609374997,"pointY":0.49689167301829545}},"texture":"0687A7B70C65715B9BB10CAF09D656A7"}]},{"animations":[],"initialState":{"affineTransform":[1,0,0,1,0,0],"masksToBounds":false,"rotation":0,"scale":1,"position":{"pointX":658.71539306640625,"pointY":1039.3028564453125},"width":766.4433479309082,"sublayerTransform":[1,0,0,0,0,1,0,0,0,0,1,0,0,0,0,1],"contentsRect":{"y":0,"x":0,"width":1,"height":1},"opacity":1,"edgeAntialiasingMask":251658240,"height":79.842913150787354,"hidden":false,"anchorPoint":{"pointX":0.5,"pointY":0.5}},"layers":[{"animations":[],"layers":[],"texturedRectangle":{"singleTextureOpacity":1,"textXHeight":0.53482758620689652,"textBaseline":0.78298163414001465,"isBackgroundTexture":true,"isVerticalText":false,"textColor":[0.9999966025352478,0.99999994039535522,0.99999994039535522,1],"textureType":6},"initialState":{"affineTransform":[1,0,0,1,0,0],"masksToBounds":false,"rotation":0,"scale":1,"position":{"pointX":383.22166674613959,"pointY":39.921458005905151},"width":760,"sublayerTransform":[1,0,0,0,0,1,0,0,0,0,1,0,0,0,0,1],"contentsRect":{"y":0,"x":0,"width":1,"height":1},"opacity":1,"edgeAntialiasingMask":0,"height":58,"hidden":true,"anchorPoint":{"pointX":0.49962550769354175,"pointY":0.38453203234179267}},"texture":"379D323DFC629C24780FFC1552833D85"}]}]}}]}